timestamp_utc,timestamp_cet,price_da_eur_mwh,baseline_pred,improved_pred,id
2026-04-06 21:00:00+00:00,2026-04-06 23:00:00+02:00,108.8,108.88,92.26421,2026-04-06T21:00:00Z
2026-04-06 22:00:00+00:00,2026-04-07 00:00:00+02:00,106.4,109.25,92.11912,2026-04-06T22:00:00Z
2026-04-06 23:00:00+00:00,2026-04-07 01:00:00+02:00,101.29,102.68,88.22659,2026-04-06T23:00:00Z
2026-04-07 00:00:00+00:00,2026-04-07 02:00:00+02:00,101.65,101.26,86.24439,2026-04-07T00:00:00Z
2026-04-07 01:00:00+00:00,2026-04-07 03:00:00+02:00,102.28,100.54,85.60372,2026-04-07T01:00:00Z
2026-04-07 02:00:00+00:00,2026-04-07 04:00:00+02:00,105.14,101.68,85.795425,2026-04-07T02:00:00Z
2026-04-07 03:00:00+00:00,2026-04-07 05:00:00+02:00,117.77,108.04,91.56609,2026-04-07T03:00:00Z
2026-04-07 04:00:00+00:00,2026-04-07 06:00:00+02:00,143.91,137.2,113.38235,2026-04-07T04:00:00Z
2026-04-07 05:00:00+00:00,2026-04-07 07:00:00+02:00,178.26,152.13,115.94472,2026-04-07T05:00:00Z
2026-04-07 06:00:00+00:00,2026-04-07 08:00:00+02:00,127.86,163.79,110.28159,2026-04-07T06:00:00Z
2026-04-07 07:00:00+00:00,2026-04-07 09:00:00+02:00,81.8,135.56,60.939285,2026-04-07T07:00:00Z
2026-04-07 08:00:00+00:00,2026-04-07 10:00:00+02:00,24.89,104.26,-12.46481,2026-04-07T08:00:00Z
2026-04-07 09:00:00+00:00,2026-04-07 11:00:00+02:00,-0.01,87.35,-30.665535,2026-04-07T09:00:00Z
2026-04-07 10:00:00+00:00,2026-04-07 12:00:00+02:00,-3.01,78.67,-32.493343,2026-04-07T10:00:00Z
2026-04-07 11:00:00+00:00,2026-04-07 13:00:00+02:00,-11.29,55.22,-37.92486,2026-04-07T11:00:00Z
2026-04-07 12:00:00+00:00,2026-04-07 14:00:00+02:00,-11.23,53.49,-40.47182,2026-04-07T12:00:00Z
2026-04-07 13:00:00+00:00,2026-04-07 15:00:00+02:00,-4.21,63.05,-29.684492,2026-04-07T13:00:00Z
2026-04-07 14:00:00+00:00,2026-04-07 16:00:00+02:00,3.8,82.22,9.282274,2026-04-07T14:00:00Z
2026-04-07 15:00:00+00:00,2026-04-07 17:00:00+02:00,79.9,110.97,72.33516,2026-04-07T15:00:00Z
2026-04-07 16:00:00+00:00,2026-04-07 18:00:00+02:00,138.0,151.0,118.52379,2026-04-07T16:00:00Z
2026-04-07 17:00:00+00:00,2026-04-07 19:00:00+02:00,194.03,175.0,154.20155,2026-04-07T17:00:00Z
2026-04-07 18:00:00+00:00,2026-04-07 20:00:00+02:00,188.88,176.01,154.854,2026-04-07T18:00:00Z
2026-04-07 19:00:00+00:00,2026-04-07 21:00:00+02:00,144.0,171.73,148.60686,2026-04-07T19:00:00Z
2026-04-07 20:00:00+00:00,2026-04-07 22:00:00+02:00,129.01,158.33,132.79381,2026-04-07T20:00:00Z
2026-04-07 21:00:00+00:00,2026-04-07 23:00:00+02:00,118.2,148.48,124.10001,2026-04-07T21:00:00Z
2026-04-07 22:00:00+00:00,2026-04-08 00:00:00+02:00,107.17,145.51,119.50298,2026-04-07T22:00:00Z
2026-04-07 23:00:00+00:00,2026-04-08 01:00:00+02:00,102.21,129.49,108.94644,2026-04-07T23:00:00Z
2026-04-08 00:00:00+00:00,2026-04-08 02:00:00+02:00,100.82,125.35,103.95447,2026-04-08T00:00:00Z
2026-04-08 01:00:00+00:00,2026-04-08 03:00:00+02:00,103.5,129.43,107.46306,2026-04-08T01:00:00Z
2026-04-08 02:00:00+00:00,2026-04-08 04:00:00+02:00,107.51,136.03,116.588455,2026-04-08T02:00:00Z
2026-04-08 03:00:00+00:00,2026-04-08 05:00:00+02:00,116.93,149.12,120.50239,2026-04-08T03:00:00Z
2026-04-08 04:00:00+00:00,2026-04-08 06:00:00+02:00,149.8,180.83,142.15715,2026-04-08T04:00:00Z
2026-04-08 05:00:00+00:00,2026-04-08 07:00:00+02:00,168.8,226.95,155.28351,2026-04-08T05:00:00Z
2026-04-08 06:00:00+00:00,2026-04-08 08:00:00+02:00,138.51,199.98,133.86958,2026-04-08T06:00:00Z
2026-04-08 07:00:00+00:00,2026-04-08 09:00:00+02:00,97.45,171.52,68.49504,2026-04-08T07:00:00Z
2026-04-08 08:00:00+00:00,2026-04-08 10:00:00+02:00,51.12,139.8,5.6488776,2026-04-08T08:00:00Z
2026-04-08 09:00:00+00:00,2026-04-08 11:00:00+02:00,-0.05,128.08,-15.582738,2026-04-08T09:00:00Z
2026-04-08 10:00:00+00:00,2026-04-08 12:00:00+02:00,-18.83,115.05,-19.256113,2026-04-08T10:00:00Z
2026-04-08 11:00:00+00:00,2026-04-08 13:00:00+02:00,-32.78,93.84,-26.808863,2026-04-08T11:00:00Z
2026-04-08 12:00:00+00:00,2026-04-08 14:00:00+02:00,-29.74,86.33,-27.965586,2026-04-08T12:00:00Z
2026-04-08 13:00:00+00:00,2026-04-08 15:00:00+02:00,-13.16,93.84,-11.187091,2026-04-08T13:00:00Z
2026-04-08 14:00:00+00:00,2026-04-08 16:00:00+02:00,13.35,105.52,19.022789,2026-04-08T14:00:00Z
2026-04-08 15:00:00+00:00,2026-04-08 17:00:00+02:00,91.88,130.12,80.11569,2026-04-08T15:00:00Z
2026-04-08 16:00:00+00:00,2026-04-08 18:00:00+02:00,134.25,152.1,125.54838,2026-04-08T16:00:00Z
2026-04-08 17:00:00+00:00,2026-04-08 19:00:00+02:00,170.01,188.67,154.15866,2026-04-08T17:00:00Z
2026-04-08 18:00:00+00:00,2026-04-08 20:00:00+02:00,160.55,181.19,153.02669,2026-04-08T18:00:00Z
2026-04-08 19:00:00+00:00,2026-04-08 21:00:00+02:00,137.1,165.82,135.0203,2026-04-08T19:00:00Z
2026-04-08 20:00:00+00:00,2026-04-08 22:00:00+02:00,121.39,152.82,114.9845,2026-04-08T20:00:00Z
2026-04-08 21:00:00+00:00,2026-04-08 23:00:00+02:00,109.48,133.78,106.14728,2026-04-08T21:00:00Z
2026-04-08 22:00:00+00:00,2026-04-09 00:00:00+02:00,104.9,127.17,105.8073,2026-04-08T22:00:00Z
2026-04-08 23:00:00+00:00,2026-04-09 01:00:00+02:00,101.1,119.0,96.95461,2026-04-08T23:00:00Z
2026-04-09 00:00:00+00:00,2026-04-09 02:00:00+02:00,101.1,114.13,95.27582,2026-04-09T00:00:00Z
2026-04-09 01:00:00+00:00,2026-04-09 03:00:00+02:00,101.86,109.19,95.17307,2026-04-09T01:00:00Z
2026-04-09 02:00:00+00:00,2026-04-09 04:00:00+02:00,105.1,107.41,94.94136,2026-04-09T02:00:00Z
2026-04-09 03:00:00+00:00,2026-04-09 05:00:00+02:00,115.87,119.29,100.064545,2026-04-09T03:00:00Z
2026-04-09 04:00:00+00:00,2026-04-09 06:00:00+02:00,135.3,152.05,115.82044,2026-04-09T04:00:00Z
2026-04-09 05:00:00+00:00,2026-04-09 07:00:00+02:00,146.6,160.01,123.72976,2026-04-09T05:00:00Z
2026-04-09 06:00:00+00:00,2026-04-09 08:00:00+02:00,128.09,157.66,112.06917,2026-04-09T06:00:00Z
2026-04-09 07:00:00+00:00,2026-04-09 09:00:00+02:00,99.68,114.28,74.698395,2026-04-09T07:00:00Z
2026-04-09 08:00:00+00:00,2026-04-09 10:00:00+02:00,55.0,90.66,23.880781,2026-04-09T08:00:00Z
2026-04-09 09:00:00+00:00,2026-04-09 11:00:00+02:00,1.21,74.25,-10.086494,2026-04-09T09:00:00Z
2026-04-09 10:00:00+00:00,2026-04-09 12:00:00+02:00,-1.03,59.75,-12.164526,2026-04-09T10:00:00Z
2026-04-09 11:00:00+00:00,2026-04-09 13:00:00+02:00,-7.87,42.46,-20.188171,2026-04-09T11:00:00Z
2026-04-09 12:00:00+00:00,2026-04-09 14:00:00+02:00,-8.14,52.86,-23.14228,2026-04-09T12:00:00Z
2026-04-09 13:00:00+00:00,2026-04-09 15:00:00+02:00,-1.3,73.77,-8.639223,2026-04-09T13:00:00Z
2026-04-09 14:00:00+00:00,2026-04-09 16:00:00+02:00,27.08,92.76,27.782074,2026-04-09T14:00:00Z
2026-04-09 15:00:00+00:00,2026-04-09 17:00:00+02:00,82.53,108.81,83.754875,2026-04-09T15:00:00Z
2026-04-09 16:00:00+00:00,2026-04-09 18:00:00+02:00,115.36,134.39,120.97359,2026-04-09T16:00:00Z
2026-04-09 17:00:00+00:00,2026-04-09 19:00:00+02:00,137.17,161.84,148.67021,2026-04-09T17:00:00Z
2026-04-09 18:00:00+00:00,2026-04-09 20:00:00+02:00,127.33,159.64,139.69771,2026-04-09T18:00:00Z
2026-04-09 19:00:00+00:00,2026-04-09 21:00:00+02:00,110.95,146.52,118.30655,2026-04-09T19:00:00Z
2026-04-09 20:00:00+00:00,2026-04-09 22:00:00+02:00,100.23,135.0,106.92488,2026-04-09T20:00:00Z
2026-04-09 21:00:00+00:00,2026-04-09 23:00:00+02:00,81.05,123.97,93.09295,2026-04-09T21:00:00Z
2026-04-09 22:00:00+00:00,2026-04-10 00:00:00+02:00,81.88,133.6,86.95296,2026-04-09T22:00:00Z
2026-04-09 23:00:00+00:00,2026-04-10 01:00:00+02:00,79.32,121.98,75.38792,2026-04-09T23:00:00Z
2026-04-10 00:00:00+00:00,2026-04-10 02:00:00+02:00,78.83,119.52,72.971275,2026-04-10T00:00:00Z
2026-04-10 01:00:00+00:00,2026-04-10 03:00:00+02:00,78.55,117.67,72.26233,2026-04-10T01:00:00Z
2026-04-10 02:00:00+00:00,2026-04-10 04:00:00+02:00,81.12,120.18,72.91087,2026-04-10T02:00:00Z
2026-04-10 03:00:00+00:00,2026-04-10 05:00:00+02:00,88.77,123.4,86.45602,2026-04-10T03:00:00Z
2026-04-10 04:00:00+00:00,2026-04-10 06:00:00+02:00,112.16,133.13,106.22491,2026-04-10T04:00:00Z
2026-04-10 05:00:00+00:00,2026-04-10 07:00:00+02:00,126.44,135.86,113.414894,2026-04-10T05:00:00Z
2026-04-10 06:00:00+00:00,2026-04-10 08:00:00+02:00,123.16,131.04,113.52332,2026-04-10T06:00:00Z
2026-04-10 07:00:00+00:00,2026-04-10 09:00:00+02:00,119.27,113.18,99.03247,2026-04-10T07:00:00Z
2026-04-10 08:00:00+00:00,2026-04-10 10:00:00+02:00,109.84,85.59,88.3536,2026-04-10T08:00:00Z
2026-04-10 09:00:00+00:00,2026-04-10 11:00:00+02:00,102.99,52.96,82.113464,2026-04-10T09:00:00Z
2026-04-10 10:00:00+00:00,2026-04-10 12:00:00+02:00,92.09,27.01,75.79079,2026-04-10T10:00:00Z
2026-04-10 11:00:00+00:00,2026-04-10 13:00:00+02:00,88.94,9.95,75.35868,2026-04-10T11:00:00Z
2026-04-10 12:00:00+00:00,2026-04-10 14:00:00+02:00,87.4,1.65,77.11169,2026-04-10T12:00:00Z
2026-04-10 13:00:00+00:00,2026-04-10 15:00:00+02:00,94.02,3.05,80.11413,2026-04-10T13:00:00Z
2026-04-10 14:00:00+00:00,2026-04-10 16:00:00+02:00,108.78,23.94,92.35077,2026-04-10T14:00:00Z
2026-04-10 15:00:00+00:00,2026-04-10 17:00:00+02:00,130.1,66.8,107.42237,2026-04-10T15:00:00Z
2026-04-10 16:00:00+00:00,2026-04-10 18:00:00+02:00,155.29,88.97,142.52948,2026-04-10T16:00:00Z
2026-04-10 17:00:00+00:00,2026-04-10 19:00:00+02:00,227.77,99.39,165.43083,2026-04-10T17:00:00Z
2026-04-10 18:00:00+00:00,2026-04-10 20:00:00+02:00,245.12,96.34,158.85843,2026-04-10T18:00:00Z
2026-04-10 19:00:00+00:00,2026-04-10 21:00:00+02:00,176.48,84.2,141.4011,2026-04-10T19:00:00Z
2026-04-10 20:00:00+00:00,2026-04-10 22:00:00+02:00,149.31,81.28,127.03878,2026-04-10T20:00:00Z
2026-04-10 21:00:00+00:00,2026-04-10 23:00:00+02:00,131.96,60.59,113.23675,2026-04-10T21:00:00Z
2026-04-10 22:00:00+00:00,2026-04-11 00:00:00+02:00,134.02,9.73,114.841896,2026-04-10T22:00:00Z
2026-04-10 23:00:00+00:00,2026-04-11 01:00:00+02:00,120.63,8.96,108.346855,2026-04-10T23:00:00Z
2026-04-11 00:00:00+00:00,2026-04-11 02:00:00+02:00,114.38,6.43,99.98856,2026-04-11T00:00:00Z
2026-04-11 01:00:00+00:00,2026-04-11 03:00:00+02:00,112.35,1.99,91.13336,2026-04-11T01:00:00Z
2026-04-11 02:00:00+00:00,2026-04-11 04:00:00+02:00,110.84,6.4,90.7218,2026-04-11T02:00:00Z
2026-04-11 03:00:00+00:00,2026-04-11 05:00:00+02:00,108.36,11.74,85.29895,2026-04-11T03:00:00Z
2026-04-11 04:00:00+00:00,2026-04-11 06:00:00+02:00,106.6,13.36,94.06405,2026-04-11T04:00:00Z
2026-04-11 05:00:00+00:00,2026-04-11 07:00:00+02:00,93.24,19.27,75.470634,2026-04-11T05:00:00Z
2026-04-11 06:00:00+00:00,2026-04-11 08:00:00+02:00,69.61,16.7,28.067554,2026-04-11T06:00:00Z
2026-04-11 07:00:00+00:00,2026-04-11 09:00:00+02:00,21.57,6.6,-1.6429644,2026-04-11T07:00:00Z
2026-04-11 08:00:00+00:00,2026-04-11 10:00:00+02:00,-0.16,1.81,-15.762613,2026-04-11T08:00:00Z
2026-04-11 09:00:00+00:00,2026-04-11 11:00:00+02:00,-8.31,-0.01,-18.38963,2026-04-11T09:00:00Z
2026-04-11 10:00:00+00:00,2026-04-11 12:00:00+02:00,-40.25,-0.25,-32.78639,2026-04-11T10:00:00Z
2026-04-11 11:00:00+00:00,2026-04-11 13:00:00+02:00,-79.97,-0.04,-62.159588,2026-04-11T11:00:00Z
2026-04-11 12:00:00+00:00,2026-04-11 14:00:00+02:00,-77.64,-0.02,-58.861443,2026-04-11T12:00:00Z
2026-04-11 13:00:00+00:00,2026-04-11 15:00:00+02:00,-45.83,0.03,-20.971638,2026-04-11T13:00:00Z
2026-04-11 14:00:00+00:00,2026-04-11 16:00:00+02:00,-15.8,10.69,-12.467145,2026-04-11T14:00:00Z
2026-04-11 15:00:00+00:00,2026-04-11 17:00:00+02:00,-0.71,62.74,14.625142,2026-04-11T15:00:00Z
2026-04-11 16:00:00+00:00,2026-04-11 18:00:00+02:00,43.7,109.6,62.1033,2026-04-11T16:00:00Z
2026-04-11 17:00:00+00:00,2026-04-11 19:00:00+02:00,73.82,149.87,74.85384,2026-04-11T17:00:00Z
2026-04-11 18:00:00+00:00,2026-04-11 20:00:00+02:00,74.79,135.74,60.549915,2026-04-11T18:00:00Z
2026-04-11 19:00:00+00:00,2026-04-11 21:00:00+02:00,65.23,103.84,36.82066,2026-04-11T19:00:00Z
2026-04-11 20:00:00+00:00,2026-04-11 22:00:00+02:00,68.63,76.81,37.170612,2026-04-11T20:00:00Z
2026-04-11 21:00:00+00:00,2026-04-11 23:00:00+02:00,68.63,41.83,43.851467,2026-04-11T21:00:00Z
2026-04-11 22:00:00+00:00,2026-04-12 00:00:00+02:00,72.52,1.06,50.0368,2026-04-11T22:00:00Z
2026-04-11 23:00:00+00:00,2026-04-12 01:00:00+02:00,76.57,-0.01,55.202797,2026-04-11T23:00:00Z
2026-04-12 00:00:00+00:00,2026-04-12 02:00:00+02:00,80.42,-0.36,58.3957,2026-04-12T00:00:00Z
2026-04-12 01:00:00+00:00,2026-04-12 03:00:00+02:00,85.26,-1.21,57.82902,2026-04-12T01:00:00Z
2026-04-12 02:00:00+00:00,2026-04-12 04:00:00+02:00,95.1,-1.62,64.14157,2026-04-12T02:00:00Z
2026-04-12 03:00:00+00:00,2026-04-12 05:00:00+02:00,98.05,-2.04,69.80824,2026-04-12T03:00:00Z
2026-04-12 04:00:00+00:00,2026-04-12 06:00:00+02:00,98.7,-2.99,63.18939,2026-04-12T04:00:00Z
2026-04-12 05:00:00+00:00,2026-04-12 07:00:00+02:00,94.32,-1.29,61.42554,2026-04-12T05:00:00Z
2026-04-12 06:00:00+00:00,2026-04-12 08:00:00+02:00,76.1,-2.43,56.201843,2026-04-12T06:00:00Z
2026-04-12 07:00:00+00:00,2026-04-12 09:00:00+02:00,53.32,-10.56,39.584595,2026-04-12T07:00:00Z
2026-04-12 08:00:00+00:00,2026-04-12 10:00:00+02:00,30.23,-39.97,15.322231,2026-04-12T08:00:00Z
2026-04-12 09:00:00+00:00,2026-04-12 11:00:00+02:00,22.42,-71.34,14.796892,2026-04-12T09:00:00Z
2026-04-12 10:00:00+00:00,2026-04-12 12:00:00+02:00,14.98,-84.95,-2.884031,2026-04-12T10:00:00Z
2026-04-12 11:00:00+00:00,2026-04-12 13:00:00+02:00,1.97,-105.18,2.8398418,2026-04-12T11:00:00Z
2026-04-12 12:00:00+00:00,2026-04-12 14:00:00+02:00,4.63,-98.71,3.3965917,2026-04-12T12:00:00Z
2026-04-12 13:00:00+00:00,2026-04-12 15:00:00+02:00,15.91,-66.91,34.839466,2026-04-12T13:00:00Z
2026-04-12 14:00:00+00:00,2026-04-12 16:00:00+02:00,67.55,-29.98,67.834366,2026-04-12T14:00:00Z
2026-04-12 15:00:00+00:00,2026-04-12 17:00:00+02:00,110.18,-6.59,101.78882,2026-04-12T15:00:00Z
2026-04-12 16:00:00+00:00,2026-04-12 18:00:00+02:00,135.39,-0.1,110.14284,2026-04-12T16:00:00Z
2026-04-12 17:00:00+00:00,2026-04-12 19:00:00+02:00,144.77,20.04,116.7779,2026-04-12T17:00:00Z
2026-04-12 18:00:00+00:00,2026-04-12 20:00:00+02:00,146.8,33.35,124.35233,2026-04-12T18:00:00Z
2026-04-12 19:00:00+00:00,2026-04-12 21:00:00+02:00,136.73,30.21,114.05884,2026-04-12T19:00:00Z
2026-04-12 20:00:00+00:00,2026-04-12 22:00:00+02:00,130.61,30.38,105.038506,2026-04-12T20:00:00Z
2026-04-12 21:00:00+00:00,2026-04-12 23:00:00+02:00,121.02,19.02,99.32498,2026-04-12T21:00:00Z
2026-04-12 22:00:00+00:00,2026-04-13 00:00:00+02:00,116.54,3.24,99.047424,2026-04-12T22:00:00Z
2026-04-12 23:00:00+00:00,2026-04-13 01:00:00+02:00,109.8,1.99,95.596466,2026-04-12T23:00:00Z
2026-04-13 00:00:00+00:00,2026-04-13 02:00:00+02:00,107.32,1.04,92.966354,2026-04-13T00:00:00Z
2026-04-13 01:00:00+00:00,2026-04-13 03:00:00+02:00,107.59,1.36,90.853714,2026-04-13T01:00:00Z
2026-04-13 02:00:00+00:00,2026-04-13 04:00:00+02:00,110.02,1.06,90.85373,2026-04-13T02:00:00Z
2026-04-13 03:00:00+00:00,2026-04-13 05:00:00+02:00,119.07,2.11,92.66802,2026-04-13T03:00:00Z
2026-04-13 04:00:00+00:00,2026-04-13 06:00:00+02:00,136.12,1.99,106.771255,2026-04-13T04:00:00Z
2026-04-13 05:00:00+00:00,2026-04-13 07:00:00+02:00,145.12,1.33,110.31076,2026-04-13T05:00:00Z
2026-04-13 06:00:00+00:00,2026-04-13 08:00:00+02:00,173.88,-0.94,112.78639,2026-04-13T06:00:00Z
2026-04-13 07:00:00+00:00,2026-04-13 09:00:00+02:00,160.97,-11.1,104.28188,2026-04-13T07:00:00Z
2026-04-13 08:00:00+00:00,2026-04-13 10:00:00+02:00,138.63,-26.0,91.13147,2026-04-13T08:00:00Z
2026-04-13 09:00:00+00:00,2026-04-13 11:00:00+02:00,116.0,-59.76,88.137985,2026-04-13T09:00:00Z
2026-04-13 10:00:00+00:00,2026-04-13 12:00:00+02:00,104.73,-79.52,81.84723,2026-04-13T10:00:00Z
2026-04-13 11:00:00+00:00,2026-04-13 13:00:00+02:00,97.39,-125.64,76.666275,2026-04-13T11:00:00Z
2026-04-13 12:00:00+00:00,2026-04-13 14:00:00+02:00,101.7,-123.54,77.58107,2026-04-13T12:00:00Z
2026-04-13 13:00:00+00:00,2026-04-13 15:00:00+02:00,104.64,-84.62,78.211006,2026-04-13T13:00:00Z
2026-04-13 14:00:00+00:00,2026-04-13 16:00:00+02:00,114.6,-28.72,86.42409,2026-04-13T14:00:00Z
2026-04-13 15:00:00+00:00,2026-04-13 17:00:00+02:00,130.38,-5.61,109.418945,2026-04-13T15:00:00Z
2026-04-13 16:00:00+00:00,2026-04-13 18:00:00+02:00,148.2,48.63,130.61258,2026-04-13T16:00:00Z
2026-04-13 17:00:00+00:00,2026-04-13 19:00:00+02:00,164.52,107.69,143.03252,2026-04-13T17:00:00Z
2026-04-13 18:00:00+00:00,2026-04-13 20:00:00+02:00,156.61,116.01,143.93994,2026-04-13T18:00:00Z
2026-04-13 19:00:00+00:00,2026-04-13 21:00:00+02:00,139.05,109.22,128.2259,2026-04-13T19:00:00Z
2026-04-13 20:00:00+00:00,2026-04-13 22:00:00+02:00,129.76,113.85,122.69275,2026-04-13T20:00:00Z
2026-04-13 21:00:00+00:00,2026-04-13 23:00:00+02:00,122.63,108.8,112.34307,2026-04-13T21:00:00Z
2026-04-13 22:00:00+00:00,2026-04-14 00:00:00+02:00,116.06,106.4,107.589386,2026-04-13T22:00:00Z
2026-04-13 23:00:00+00:00,2026-04-14 01:00:00+02:00,113.67,101.29,100.22665,2026-04-13T23:00:00Z
2026-04-14 00:00:00+00:00,2026-04-14 02:00:00+02:00,114.99,101.65,95.25653,2026-04-14T00:00:00Z
2026-04-14 01:00:00+00:00,2026-04-14 03:00:00+02:00,113.39,102.28,93.89723,2026-04-14T01:00:00Z
2026-04-14 02:00:00+00:00,2026-04-14 04:00:00+02:00,114.68,105.14,97.17103,2026-04-14T02:00:00Z
2026-04-14 03:00:00+00:00,2026-04-14 05:00:00+02:00,118.15,117.77,110.90617,2026-04-14T03:00:00Z
2026-04-14 04:00:00+00:00,2026-04-14 06:00:00+02:00,138.72,143.91,125.44018,2026-04-14T04:00:00Z
2026-04-14 05:00:00+00:00,2026-04-14 07:00:00+02:00,163.02,178.26,134.10771,2026-04-14T05:00:00Z
2026-04-14 06:00:00+00:00,2026-04-14 08:00:00+02:00,164.5,127.86,130.16426,2026-04-14T06:00:00Z
2026-04-14 07:00:00+00:00,2026-04-14 09:00:00+02:00,144.33,81.8,121.00665,2026-04-14T07:00:00Z
2026-04-14 08:00:00+00:00,2026-04-14 10:00:00+02:00,128.83,24.89,110.40856,2026-04-14T08:00:00Z
2026-04-14 09:00:00+00:00,2026-04-14 11:00:00+02:00,117.33,-0.01,92.226654,2026-04-14T09:00:00Z
2026-04-14 10:00:00+00:00,2026-04-14 12:00:00+02:00,109.51,-3.01,78.17973,2026-04-14T10:00:00Z
2026-04-14 11:00:00+00:00,2026-04-14 13:00:00+02:00,104.7,-11.29,76.90726,2026-04-14T11:00:00Z
2026-04-14 12:00:00+00:00,2026-04-14 14:00:00+02:00,108.91,-11.23,81.27941,2026-04-14T12:00:00Z
2026-04-14 13:00:00+00:00,2026-04-14 15:00:00+02:00,115.57,-4.21,85.76073,2026-04-14T13:00:00Z
2026-04-14 14:00:00+00:00,2026-04-14 16:00:00+02:00,121.7,3.8,106.450615,2026-04-14T14:00:00Z
2026-04-14 15:00:00+00:00,2026-04-14 17:00:00+02:00,137.44,79.9,120.5245,2026-04-14T15:00:00Z
2026-04-14 16:00:00+00:00,2026-04-14 18:00:00+02:00,160.02,138.0,144.77274,2026-04-14T16:00:00Z
2026-04-14 17:00:00+00:00,2026-04-14 19:00:00+02:00,224.75,194.03,188.42451,2026-04-14T17:00:00Z
2026-04-14 18:00:00+00:00,2026-04-14 20:00:00+02:00,234.28,188.88,186.58298,2026-04-14T18:00:00Z
2026-04-14 19:00:00+00:00,2026-04-14 21:00:00+02:00,165.95,144.0,155.42862,2026-04-14T19:00:00Z
2026-04-14 20:00:00+00:00,2026-04-14 22:00:00+02:00,148.26,129.01,133.28651,2026-04-14T20:00:00Z
2026-04-14 21:00:00+00:00,2026-04-14 23:00:00+02:00,135.37,118.2,125.45793,2026-04-14T21:00:00Z
2026-04-14 22:00:00+00:00,2026-04-15 00:00:00+02:00,121.6,107.17,115.61117,2026-04-14T22:00:00Z
2026-04-14 23:00:00+00:00,2026-04-15 01:00:00+02:00,116.46,102.21,113.10117,2026-04-14T23:00:00Z
2026-04-15 00:00:00+00:00,2026-04-15 02:00:00+02:00,111.77,100.82,110.3387,2026-04-15T00:00:00Z
2026-04-15 01:00:00+00:00,2026-04-15 03:00:00+02:00,110.02,103.5,108.73711,2026-04-15T01:00:00Z
2026-04-15 02:00:00+00:00,2026-04-15 04:00:00+02:00,110.84,107.51,109.08264,2026-04-15T02:00:00Z
2026-04-15 03:00:00+00:00,2026-04-15 05:00:00+02:00,123.18,116.93,113.983635,2026-04-15T03:00:00Z
2026-04-15 04:00:00+00:00,2026-04-15 06:00:00+02:00,148.44,149.8,146.31776,2026-04-15T04:00:00Z
2026-04-15 05:00:00+00:00,2026-04-15 07:00:00+02:00,159.55,168.8,150.50137,2026-04-15T05:00:00Z
2026-04-15 06:00:00+00:00,2026-04-15 08:00:00+02:00,140.1,138.51,129.3074,2026-04-15T06:00:00Z
2026-04-15 07:00:00+00:00,2026-04-15 09:00:00+02:00,116.32,97.45,105.6953,2026-04-15T07:00:00Z
2026-04-15 08:00:00+00:00,2026-04-15 10:00:00+02:00,100.8,51.12,88.30109,2026-04-15T08:00:00Z
2026-04-15 09:00:00+00:00,2026-04-15 11:00:00+02:00,78.94,-0.05,55.979527,2026-04-15T09:00:00Z
2026-04-15 10:00:00+00:00,2026-04-15 12:00:00+02:00,58.32,-18.83,42.910774,2026-04-15T10:00:00Z
2026-04-15 11:00:00+00:00,2026-04-15 13:00:00+02:00,50.23,-32.78,41.267235,2026-04-15T11:00:00Z
2026-04-15 12:00:00+00:00,2026-04-15 14:00:00+02:00,67.26,-29.74,48.421535,2026-04-15T12:00:00Z
2026-04-15 13:00:00+00:00,2026-04-15 15:00:00+02:00,81.49,-13.16,69.282104,2026-04-15T13:00:00Z
2026-04-15 14:00:00+00:00,2026-04-15 16:00:00+02:00,99.26,13.35,93.38104,2026-04-15T14:00:00Z
2026-04-15 15:00:00+00:00,2026-04-15 17:00:00+02:00,124.84,91.88,117.59537,2026-04-15T15:00:00Z
2026-04-15 16:00:00+00:00,2026-04-15 18:00:00+02:00,141.9,134.25,157.5822,2026-04-15T16:00:00Z
2026-04-15 17:00:00+00:00,2026-04-15 19:00:00+02:00,180.08,170.01,226.32019,2026-04-15T17:00:00Z
2026-04-15 18:00:00+00:00,2026-04-15 20:00:00+02:00,180.8,160.55,209.78423,2026-04-15T18:00:00Z
2026-04-15 19:00:00+00:00,2026-04-15 21:00:00+02:00,148.08,137.1,148.35884,2026-04-15T19:00:00Z
2026-04-15 20:00:00+00:00,2026-04-15 22:00:00+02:00,132.69,121.39,133.42741,2026-04-15T20:00:00Z
2026-04-15 21:00:00+00:00,2026-04-15 23:00:00+02:00,117.77,109.48,126.15648,2026-04-15T21:00:00Z
2026-04-15 22:00:00+00:00,2026-04-16 00:00:00+02:00,106.22,104.9,118.53376,2026-04-15T22:00:00Z
2026-04-15 23:00:00+00:00,2026-04-16 01:00:00+02:00,101.4,101.1,109.77959,2026-04-15T23:00:00Z
2026-04-16 00:00:00+00:00,2026-04-16 02:00:00+02:00,99.6,101.1,104.59012,2026-04-16T00:00:00Z
2026-04-16 01:00:00+00:00,2026-04-16 03:00:00+02:00,98.37,101.86,102.98795,2026-04-16T01:00:00Z
2026-04-16 02:00:00+00:00,2026-04-16 04:00:00+02:00,100.9,105.1,105.167465,2026-04-16T02:00:00Z
2026-04-16 03:00:00+00:00,2026-04-16 05:00:00+02:00,110.6,115.87,115.94253,2026-04-16T03:00:00Z
2026-04-16 04:00:00+00:00,2026-04-16 06:00:00+02:00,139.48,135.3,134.72151,2026-04-16T04:00:00Z
2026-04-16 05:00:00+00:00,2026-04-16 07:00:00+02:00,145.02,146.6,147.2146,2026-04-16T05:00:00Z
2026-04-16 06:00:00+00:00,2026-04-16 08:00:00+02:00,133.64,128.09,126.26278,2026-04-16T06:00:00Z
2026-04-16 07:00:00+00:00,2026-04-16 09:00:00+02:00,110.2,99.68,105.11093,2026-04-16T07:00:00Z
2026-04-16 08:00:00+00:00,2026-04-16 10:00:00+02:00,96.35,55.0,68.933426,2026-04-16T08:00:00Z
2026-04-16 09:00:00+00:00,2026-04-16 11:00:00+02:00,75.67,1.21,48.62021,2026-04-16T09:00:00Z
2026-04-16 10:00:00+00:00,2026-04-16 12:00:00+02:00,60.51,-1.03,36.272984,2026-04-16T10:00:00Z
2026-04-16 11:00:00+00:00,2026-04-16 13:00:00+02:00,45.77,-7.87,33.51514,2026-04-16T11:00:00Z
2026-04-16 12:00:00+00:00,2026-04-16 14:00:00+02:00,53.97,-8.14,38.128296,2026-04-16T12:00:00Z
2026-04-16 13:00:00+00:00,2026-04-16 15:00:00+02:00,70.87,-1.3,53.489254,2026-04-16T13:00:00Z
2026-04-16 14:00:00+00:00,2026-04-16 16:00:00+02:00,89.76,27.08,71.81774,2026-04-16T14:00:00Z
2026-04-16 15:00:00+00:00,2026-04-16 17:00:00+02:00,111.56,82.53,112.9163,2026-04-16T15:00:00Z
2026-04-16 16:00:00+00:00,2026-04-16 18:00:00+02:00,131.15,115.36,130.85248,2026-04-16T16:00:00Z
2026-04-16 17:00:00+00:00,2026-04-16 19:00:00+02:00,166.93,137.17,185.87752,2026-04-16T17:00:00Z
2026-04-16 18:00:00+00:00,2026-04-16 20:00:00+02:00,187.32,127.33,184.37355,2026-04-16T18:00:00Z
2026-04-16 19:00:00+00:00,2026-04-16 21:00:00+02:00,155.01,110.95,149.23909,2026-04-16T19:00:00Z
2026-04-16 20:00:00+00:00,2026-04-16 22:00:00+02:00,138.76,100.23,133.42413,2026-04-16T20:00:00Z
2026-04-16 21:00:00+00:00,2026-04-16 23:00:00+02:00,127.36,81.05,119.45208,2026-04-16T21:00:00Z
2026-04-16 22:00:00+00:00,2026-04-17 00:00:00+02:00,121.77,81.88,111.54418,2026-04-16T22:00:00Z
2026-04-16 23:00:00+00:00,2026-04-17 01:00:00+02:00,115.52,79.32,109.58681,2026-04-16T23:00:00Z
2026-04-17 00:00:00+00:00,2026-04-17 02:00:00+02:00,112.53,78.83,106.402214,2026-04-17T00:00:00Z
2026-04-17 01:00:00+00:00,2026-04-17 03:00:00+02:00,108.51,78.55,101.39331,2026-04-17T01:00:00Z
2026-04-17 02:00:00+00:00,2026-04-17 04:00:00+02:00,111.47,81.12,106.64565,2026-04-17T02:00:00Z
2026-04-17 03:00:00+00:00,2026-04-17 05:00:00+02:00,120.19,88.77,108.10872,2026-04-17T03:00:00Z
2026-04-17 04:00:00+00:00,2026-04-17 06:00:00+02:00,146.57,112.16,128.89146,2026-04-17T04:00:00Z
2026-04-17 05:00:00+00:00,2026-04-17 07:00:00+02:00,148.56,126.44,133.20659,2026-04-17T05:00:00Z
2026-04-17 06:00:00+00:00,2026-04-17 08:00:00+02:00,127.16,123.16,119.94474,2026-04-17T06:00:00Z
2026-04-17 07:00:00+00:00,2026-04-17 09:00:00+02:00,101.9,119.27,94.043076,2026-04-17T07:00:00Z
2026-04-17 08:00:00+00:00,2026-04-17 10:00:00+02:00,90.78,109.84,51.33715,2026-04-17T08:00:00Z
2026-04-17 09:00:00+00:00,2026-04-17 11:00:00+02:00,57.88,102.99,17.239353,2026-04-17T09:00:00Z
2026-04-17 10:00:00+00:00,2026-04-17 12:00:00+02:00,30.87,92.09,17.07964,2026-04-17T10:00:00Z
2026-04-17 11:00:00+00:00,2026-04-17 13:00:00+02:00,26.45,88.94,14.118063,2026-04-17T11:00:00Z
2026-04-17 12:00:00+00:00,2026-04-17 14:00:00+02:00,31.37,87.4,17.289305,2026-04-17T12:00:00Z
2026-04-17 13:00:00+00:00,2026-04-17 15:00:00+02:00,60.0,94.02,42.66409,2026-04-17T13:00:00Z
2026-04-17 14:00:00+00:00,2026-04-17 16:00:00+02:00,81.82,108.78,74.846695,2026-04-17T14:00:00Z
2026-04-17 15:00:00+00:00,2026-04-17 17:00:00+02:00,102.31,130.1,113.76353,2026-04-17T15:00:00Z
2026-04-17 16:00:00+00:00,2026-04-17 18:00:00+02:00,126.76,155.29,139.03612,2026-04-17T16:00:00Z
2026-04-17 17:00:00+00:00,2026-04-17 19:00:00+02:00,157.41,227.77,199.34724,2026-04-17T17:00:00Z
2026-04-17 18:00:00+00:00,2026-04-17 20:00:00+02:00,157.11,245.12,213.48155,2026-04-17T18:00:00Z
2026-04-17 19:00:00+00:00,2026-04-17 21:00:00+02:00,138.01,176.48,156.91331,2026-04-17T19:00:00Z
2026-04-17 20:00:00+00:00,2026-04-17 22:00:00+02:00,123.93,149.31,135.66919,2026-04-17T20:00:00Z
2026-04-17 21:00:00+00:00,2026-04-17 23:00:00+02:00,112.71,131.96,129.46393,2026-04-17T21:00:00Z
2026-04-17 22:00:00+00:00,2026-04-18 00:00:00+02:00,116.24,134.02,120.039024,2026-04-17T22:00:00Z
2026-04-17 23:00:00+00:00,2026-04-18 01:00:00+02:00,110.88,120.63,116.58945,2026-04-17T23:00:00Z
2026-04-18 00:00:00+00:00,2026-04-18 02:00:00+02:00,109.66,114.38,113.10654,2026-04-18T00:00:00Z
2026-04-18 01:00:00+00:00,2026-04-18 03:00:00+02:00,107.7,112.35,110.09755,2026-04-18T01:00:00Z
2026-04-18 02:00:00+00:00,2026-04-18 04:00:00+02:00,108.87,110.84,108.89017,2026-04-18T02:00:00Z
2026-04-18 03:00:00+00:00,2026-04-18 05:00:00+02:00,110.91,108.36,112.09557,2026-04-18T03:00:00Z
2026-04-18 04:00:00+00:00,2026-04-18 06:00:00+02:00,110.83,106.6,116.546425,2026-04-18T04:00:00Z
2026-04-18 05:00:00+00:00,2026-04-18 07:00:00+02:00,105.74,93.24,113.41737,2026-04-18T05:00:00Z
2026-04-18 06:00:00+00:00,2026-04-18 08:00:00+02:00,92.29,69.61,90.98133,2026-04-18T06:00:00Z
2026-04-18 07:00:00+00:00,2026-04-18 09:00:00+02:00,75.13,21.57,45.980663,2026-04-18T07:00:00Z
2026-04-18 08:00:00+00:00,2026-04-18 10:00:00+02:00,39.57,-0.16,16.09863,2026-04-18T08:00:00Z
2026-04-18 09:00:00+00:00,2026-04-18 11:00:00+02:00,3.94,-8.31,11.678507,2026-04-18T09:00:00Z
2026-04-18 10:00:00+00:00,2026-04-18 12:00:00+02:00,-3.38,-40.25,1.8462212,2026-04-18T10:00:00Z
2026-04-18 11:00:00+00:00,2026-04-18 13:00:00+02:00,-4.08,-79.97,0.64125276,2026-04-18T11:00:00Z
2026-04-18 12:00:00+00:00,2026-04-18 14:00:00+02:00,-0.1,-77.64,13.124304,2026-04-18T12:00:00Z
2026-04-18 13:00:00+00:00,2026-04-18 15:00:00+02:00,18.9,-45.83,30.688076,2026-04-18T13:00:00Z
2026-04-18 14:00:00+00:00,2026-04-18 16:00:00+02:00,44.89,-15.8,64.17867,2026-04-18T14:00:00Z
2026-04-18 15:00:00+00:00,2026-04-18 17:00:00+02:00,90.81,-0.71,89.90266,2026-04-18T15:00:00Z
2026-04-18 16:00:00+00:00,2026-04-18 18:00:00+02:00,119.6,43.7,116.02603,2026-04-18T16:00:00Z
2026-04-18 17:00:00+00:00,2026-04-18 19:00:00+02:00,131.54,73.82,138.89969,2026-04-18T17:00:00Z
2026-04-18 18:00:00+00:00,2026-04-18 20:00:00+02:00,144.89,74.79,140.41748,2026-04-18T18:00:00Z
2026-04-18 19:00:00+00:00,2026-04-18 21:00:00+02:00,140.3,65.23,132.58705,2026-04-18T19:00:00Z
2026-04-18 20:00:00+00:00,2026-04-18 22:00:00+02:00,129.99,68.63,120.033936,2026-04-18T20:00:00Z
2026-04-18 21:00:00+00:00,2026-04-18 23:00:00+02:00,125.0,68.63,113.06329,2026-04-18T21:00:00Z
2026-04-18 22:00:00+00:00,2026-04-19 00:00:00+02:00,116.56,72.52,115.014534,2026-04-18T22:00:00Z
2026-04-18 23:00:00+00:00,2026-04-19 01:00:00+02:00,109.95,76.57,109.23522,2026-04-18T23:00:00Z
2026-04-19 00:00:00+00:00,2026-04-19 02:00:00+02:00,109.21,80.42,104.42614,2026-04-19T00:00:00Z
2026-04-19 01:00:00+00:00,2026-04-19 03:00:00+02:00,106.32,85.26,95.28554,2026-04-19T01:00:00Z
2026-04-19 02:00:00+00:00,2026-04-19 04:00:00+02:00,105.41,95.1,97.407486,2026-04-19T02:00:00Z
2026-04-19 03:00:00+00:00,2026-04-19 05:00:00+02:00,106.55,98.05,98.18953,2026-04-19T03:00:00Z
2026-04-19 04:00:00+00:00,2026-04-19 06:00:00+02:00,104.78,98.7,95.613945,2026-04-19T04:00:00Z
2026-04-19 05:00:00+00:00,2026-04-19 07:00:00+02:00,100.03,94.32,86.84651,2026-04-19T05:00:00Z
2026-04-19 06:00:00+00:00,2026-04-19 08:00:00+02:00,96.63,76.1,82.8568,2026-04-19T06:00:00Z
2026-04-19 07:00:00+00:00,2026-04-19 09:00:00+02:00,93.84,53.32,73.70096,2026-04-19T07:00:00Z
2026-04-19 08:00:00+00:00,2026-04-19 10:00:00+02:00,71.38,30.23,59.935825,2026-04-19T08:00:00Z
2026-04-19 09:00:00+00:00,2026-04-19 11:00:00+02:00,31.98,22.42,38.88347,2026-04-19T09:00:00Z
2026-04-19 10:00:00+00:00,2026-04-19 12:00:00+02:00,5.73,14.98,18.429535,2026-04-19T10:00:00Z
2026-04-19 11:00:00+00:00,2026-04-19 13:00:00+02:00,-0.85,1.97,-0.3653186,2026-04-19T11:00:00Z
2026-04-19 12:00:00+00:00,2026-04-19 14:00:00+02:00,-3.01,4.63,-12.103396,2026-04-19T12:00:00Z
2026-04-19 13:00:00+00:00,2026-04-19 15:00:00+02:00,-2.26,15.91,-3.9999409,2026-04-19T13:00:00Z
2026-04-19 14:00:00+00:00,2026-04-19 16:00:00+02:00,16.02,67.55,19.66919,2026-04-19T14:00:00Z
2026-04-19 15:00:00+00:00,2026-04-19 17:00:00+02:00,73.76,110.18,46.28358,2026-04-19T15:00:00Z
2026-04-19 16:00:00+00:00,2026-04-19 18:00:00+02:00,103.86,135.39,87.118744,2026-04-19T16:00:00Z
2026-04-19 17:00:00+00:00,2026-04-19 19:00:00+02:00,117.35,144.77,105.57963,2026-04-19T17:00:00Z
2026-04-19 18:00:00+00:00,2026-04-19 20:00:00+02:00,124.11,146.8,115.615944,2026-04-19T18:00:00Z
2026-04-19 19:00:00+00:00,2026-04-19 21:00:00+02:00,121.55,136.73,114.36447,2026-04-19T19:00:00Z
2026-04-19 20:00:00+00:00,2026-04-19 22:00:00+02:00,119.36,130.61,110.64651,2026-04-19T20:00:00Z
2026-04-19 21:00:00+00:00,2026-04-19 23:00:00+02:00,111.23,121.02,100.69601,2026-04-19T21:00:00Z
2026-04-19 22:00:00+00:00,2026-04-20 00:00:00+02:00,106.31,116.54,88.706985,2026-04-19T22:00:00Z
2026-04-19 23:00:00+00:00,2026-04-20 01:00:00+02:00,101.11,109.8,82.70807,2026-04-19T23:00:00Z
2026-04-20 00:00:00+00:00,2026-04-20 02:00:00+02:00,99.01,107.32,81.58611,2026-04-20T00:00:00Z
2026-04-20 01:00:00+00:00,2026-04-20 03:00:00+02:00,99.04,107.59,77.91504,2026-04-20T01:00:00Z
2026-04-20 02:00:00+00:00,2026-04-20 04:00:00+02:00,102.3,110.02,80.5614,2026-04-20T02:00:00Z
2026-04-20 03:00:00+00:00,2026-04-20 05:00:00+02:00,111.6,119.07,83.18055,2026-04-20T03:00:00Z
2026-04-20 04:00:00+00:00,2026-04-20 06:00:00+02:00,129.39,136.12,102.43522,2026-04-20T04:00:00Z
2026-04-20 05:00:00+00:00,2026-04-20 07:00:00+02:00,142.21,145.12,115.02801,2026-04-20T05:00:00Z
2026-04-20 06:00:00+00:00,2026-04-20 08:00:00+02:00,134.32,173.88,113.653046,2026-04-20T06:00:00Z
2026-04-20 07:00:00+00:00,2026-04-20 09:00:00+02:00,110.01,160.97,87.62921,2026-04-20T07:00:00Z
2026-04-20 08:00:00+00:00,2026-04-20 10:00:00+02:00,90.2,138.63,57.402096,2026-04-20T08:00:00Z
2026-04-20 09:00:00+00:00,2026-04-20 11:00:00+02:00,75.89,116.0,35.984325,2026-04-20T09:00:00Z
2026-04-20 10:00:00+00:00,2026-04-20 12:00:00+02:00,51.18,104.73,21.098776,2026-04-20T10:00:00Z
2026-04-20 11:00:00+00:00,2026-04-20 13:00:00+02:00,32.6,97.39,12.955294,2026-04-20T11:00:00Z
2026-04-20 12:00:00+00:00,2026-04-20 14:00:00+02:00,29.57,101.7,7.3221226,2026-04-20T12:00:00Z
2026-04-20 13:00:00+00:00,2026-04-20 15:00:00+02:00,46.48,104.64,23.948715,2026-04-20T13:00:00Z
2026-04-20 14:00:00+00:00,2026-04-20 16:00:00+02:00,78.33,114.6,64.21976,2026-04-20T14:00:00Z
2026-04-20 15:00:00+00:00,2026-04-20 17:00:00+02:00,97.25,130.38,89.987,2026-04-20T15:00:00Z
2026-04-20 16:00:00+00:00,2026-04-20 18:00:00+02:00,112.91,148.2,106.59532,2026-04-20T16:00:00Z
2026-04-20 17:00:00+00:00,2026-04-20 19:00:00+02:00,123.41,164.52,122.734436,2026-04-20T17:00:00Z
2026-04-20 18:00:00+00:00,2026-04-20 20:00:00+02:00,127.18,156.61,115.75983,2026-04-20T18:00:00Z
2026-04-20 19:00:00+00:00,2026-04-20 21:00:00+02:00,121.94,139.05,101.76451,2026-04-20T19:00:00Z
2026-04-20 20:00:00+00:00,2026-04-20 22:00:00+02:00,115.97,129.76,98.37493,2026-04-20T20:00:00Z
2026-04-20 21:00:00+00:00,2026-04-20 23:00:00+02:00,106.79,122.63,95.559006,2026-04-20T21:00:00Z
2026-04-20 22:00:00+00:00,2026-04-21 00:00:00+02:00,99.0,116.06,86.188225,2026-04-20T22:00:00Z
2026-04-20 23:00:00+00:00,2026-04-21 01:00:00+02:00,98.64,113.67,83.20814,2026-04-20T23:00:00Z
2026-04-21 00:00:00+00:00,2026-04-21 02:00:00+02:00,98.37,114.99,81.755005,2026-04-21T00:00:00Z
2026-04-21 01:00:00+00:00,2026-04-21 03:00:00+02:00,99.07,113.39,81.57654,2026-04-21T01:00:00Z
2026-04-21 02:00:00+00:00,2026-04-21 04:00:00+02:00,100.19,114.68,86.28075,2026-04-21T02:00:00Z
2026-04-21 03:00:00+00:00,2026-04-21 05:00:00+02:00,108.45,118.15,101.214554,2026-04-21T03:00:00Z
2026-04-21 04:00:00+00:00,2026-04-21 06:00:00+02:00,127.09,138.72,111.26832,2026-04-21T04:00:00Z
2026-04-21 05:00:00+00:00,2026-04-21 07:00:00+02:00,135.33,163.02,123.63943,2026-04-21T05:00:00Z
2026-04-21 06:00:00+00:00,2026-04-21 08:00:00+02:00,118.95,164.5,103.06038,2026-04-21T06:00:00Z
2026-04-21 07:00:00+00:00,2026-04-21 09:00:00+02:00,97.3,144.33,68.72477,2026-04-21T07:00:00Z
2026-04-21 08:00:00+00:00,2026-04-21 10:00:00+02:00,59.9,128.83,25.477962,2026-04-21T08:00:00Z
2026-04-21 09:00:00+00:00,2026-04-21 11:00:00+02:00,19.6,117.33,0.21418792,2026-04-21T09:00:00Z
2026-04-21 10:00:00+00:00,2026-04-21 12:00:00+02:00,-0.1,109.51,-7.4340725,2026-04-21T10:00:00Z
2026-04-21 11:00:00+00:00,2026-04-21 13:00:00+02:00,-1.75,104.7,-8.901723,2026-04-21T11:00:00Z
2026-04-21 12:00:00+00:00,2026-04-21 14:00:00+02:00,-3.7,108.91,-19.18344,2026-04-21T12:00:00Z
2026-04-21 13:00:00+00:00,2026-04-21 15:00:00+02:00,-1.86,115.57,1.548426,2026-04-21T13:00:00Z
2026-04-21 14:00:00+00:00,2026-04-21 16:00:00+02:00,14.54,121.7,31.124245,2026-04-21T14:00:00Z
2026-04-21 15:00:00+00:00,2026-04-21 17:00:00+02:00,69.83,137.44,76.470314,2026-04-21T15:00:00Z
2026-04-21 16:00:00+00:00,2026-04-21 18:00:00+02:00,102.65,160.02,110.21034,2026-04-21T16:00:00Z
2026-04-21 17:00:00+00:00,2026-04-21 19:00:00+02:00,134.11,224.75,138.46793,2026-04-21T17:00:00Z
2026-04-21 18:00:00+00:00,2026-04-21 20:00:00+02:00,144.78,234.28,134.64787,2026-04-21T18:00:00Z
2026-04-21 19:00:00+00:00,2026-04-21 21:00:00+02:00,129.62,165.95,123.684525,2026-04-21T19:00:00Z
2026-04-21 20:00:00+00:00,2026-04-21 22:00:00+02:00,119.85,148.26,117.55076,2026-04-21T20:00:00Z
2026-04-21 21:00:00+00:00,2026-04-21 23:00:00+02:00,111.87,135.37,108.785965,2026-04-21T21:00:00Z
2026-04-21 22:00:00+00:00,2026-04-22 00:00:00+02:00,107.1,121.6,99.53478,2026-04-21T22:00:00Z
2026-04-21 23:00:00+00:00,2026-04-22 01:00:00+02:00,104.11,116.46,98.7098,2026-04-21T23:00:00Z
2026-04-22 00:00:00+00:00,2026-04-22 02:00:00+02:00,104.2,111.77,98.24928,2026-04-22T00:00:00Z
2026-04-22 01:00:00+00:00,2026-04-22 03:00:00+02:00,104.85,110.02,96.69712,2026-04-22T01:00:00Z
2026-04-22 02:00:00+00:00,2026-04-22 04:00:00+02:00,109.69,110.84,98.37512,2026-04-22T02:00:00Z
2026-04-22 03:00:00+00:00,2026-04-22 05:00:00+02:00,121.23,123.18,110.24626,2026-04-22T03:00:00Z
2026-04-22 04:00:00+00:00,2026-04-22 06:00:00+02:00,139.84,148.44,132.06133,2026-04-22T04:00:00Z
2026-04-22 05:00:00+00:00,2026-04-22 07:00:00+02:00,134.8,159.55,129.1123,2026-04-22T05:00:00Z
2026-04-22 06:00:00+00:00,2026-04-22 08:00:00+02:00,113.87,140.1,100.17986,2026-04-22T06:00:00Z
2026-04-22 07:00:00+00:00,2026-04-22 09:00:00+02:00,79.56,116.32,47.54263,2026-04-22T07:00:00Z
2026-04-22 08:00:00+00:00,2026-04-22 10:00:00+02:00,20.15,100.8,-9.643263,2026-04-22T08:00:00Z
2026-04-22 09:00:00+00:00,2026-04-22 11:00:00+02:00,-2.42,78.94,-4.644221,2026-04-22T09:00:00Z
2026-04-22 10:00:00+00:00,2026-04-22 12:00:00+02:00,-8.83,58.32,-21.74282,2026-04-22T10:00:00Z
2026-04-22 11:00:00+00:00,2026-04-22 13:00:00+02:00,-20.99,50.23,-31.537273,2026-04-22T11:00:00Z
2026-04-22 12:00:00+00:00,2026-04-22 14:00:00+02:00,-19.0,67.26,-33.81501,2026-04-22T12:00:00Z
2026-04-22 13:00:00+00:00,2026-04-22 15:00:00+02:00,-4.92,81.49,-27.959867,2026-04-22T13:00:00Z
2026-04-22 14:00:00+00:00,2026-04-22 16:00:00+02:00,-0.01,99.26,3.6187155,2026-04-22T14:00:00Z
2026-04-22 15:00:00+00:00,2026-04-22 17:00:00+02:00,57.41,124.84,54.436714,2026-04-22T15:00:00Z
2026-04-22 16:00:00+00:00,2026-04-22 18:00:00+02:00,105.3,141.9,98.30185,2026-04-22T16:00:00Z
2026-04-22 17:00:00+00:00,2026-04-22 19:00:00+02:00,140.12,180.08,136.62646,2026-04-22T17:00:00Z
2026-04-22 18:00:00+00:00,2026-04-22 20:00:00+02:00,153.91,180.8,136.01306,2026-04-22T18:00:00Z
2026-04-22 19:00:00+00:00,2026-04-22 21:00:00+02:00,128.51,148.08,118.3502,2026-04-22T19:00:00Z
2026-04-22 20:00:00+00:00,2026-04-22 22:00:00+02:00,114.45,132.69,111.19349,2026-04-22T20:00:00Z
2026-04-22 21:00:00+00:00,2026-04-22 23:00:00+02:00,105.08,117.77,103.63177,2026-04-22T21:00:00Z
2026-04-22 22:00:00+00:00,2026-04-23 00:00:00+02:00,100.14,106.22,92.44397,2026-04-22T22:00:00Z
2026-04-22 23:00:00+00:00,2026-04-23 01:00:00+02:00,97.63,101.4,83.82857,2026-04-22T23:00:00Z
2026-04-23 00:00:00+00:00,2026-04-23 02:00:00+02:00,96.74,99.6,81.47291,2026-04-23T00:00:00Z
2026-04-23 01:00:00+00:00,2026-04-23 03:00:00+02:00,96.21,98.37,80.33055,2026-04-23T01:00:00Z
2026-04-23 02:00:00+00:00,2026-04-23 04:00:00+02:00,95.85,100.9,80.6222,2026-04-23T02:00:00Z
2026-04-23 03:00:00+00:00,2026-04-23 05:00:00+02:00,104.16,110.6,84.886,2026-04-23T03:00:00Z
2026-04-23 04:00:00+00:00,2026-04-23 06:00:00+02:00,119.0,139.48,103.42152,2026-04-23T04:00:00Z
2026-04-23 05:00:00+00:00,2026-04-23 07:00:00+02:00,119.4,145.02,101.07757,2026-04-23T05:00:00Z
2026-04-23 06:00:00+00:00,2026-04-23 08:00:00+02:00,109.7,133.64,81.20757,2026-04-23T06:00:00Z
2026-04-23 07:00:00+00:00,2026-04-23 09:00:00+02:00,63.29,110.2,20.896318,2026-04-23T07:00:00Z
2026-04-23 08:00:00+00:00,2026-04-23 10:00:00+02:00,-0.56,96.35,-4.6725016,2026-04-23T08:00:00Z
2026-04-23 09:00:00+00:00,2026-04-23 11:00:00+02:00,-6.18,75.67,-17.207438,2026-04-23T09:00:00Z
2026-04-23 10:00:00+00:00,2026-04-23 12:00:00+02:00,-29.01,60.51,-26.613453,2026-04-23T10:00:00Z
2026-04-23 11:00:00+00:00,2026-04-23 13:00:00+02:00,-49.56,45.77,-39.869934,2026-04-23T11:00:00Z
2026-04-23 12:00:00+00:00,2026-04-23 14:00:00+02:00,-48.86,53.97,-63.774292,2026-04-23T12:00:00Z
2026-04-23 13:00:00+00:00,2026-04-23 15:00:00+02:00,-22.89,70.87,-31.358953,2026-04-23T13:00:00Z
2026-04-23 14:00:00+00:00,2026-04-23 16:00:00+02:00,-1.93,89.76,-5.522536,2026-04-23T14:00:00Z
2026-04-23 15:00:00+00:00,2026-04-23 17:00:00+02:00,21.97,111.56,25.135073,2026-04-23T15:00:00Z
2026-04-23 16:00:00+00:00,2026-04-23 18:00:00+02:00,93.57,131.15,83.51925,2026-04-23T16:00:00Z
2026-04-23 17:00:00+00:00,2026-04-23 19:00:00+02:00,121.5,166.93,117.354,2026-04-23T17:00:00Z
2026-04-23 18:00:00+00:00,2026-04-23 20:00:00+02:00,136.95,187.32,116.69524,2026-04-23T18:00:00Z
2026-04-23 19:00:00+00:00,2026-04-23 21:00:00+02:00,116.29,155.01,105.62164,2026-04-23T19:00:00Z
2026-04-23 20:00:00+00:00,2026-04-23 22:00:00+02:00,108.24,138.76,97.622215,2026-04-23T20:00:00Z
2026-04-23 21:00:00+00:00,2026-04-23 23:00:00+02:00,99.46,127.36,87.712296,2026-04-23T21:00:00Z
2026-04-23 22:00:00+00:00,2026-04-24 00:00:00+02:00,102.46,121.77,85.62417,2026-04-23T22:00:00Z
2026-04-23 23:00:00+00:00,2026-04-24 01:00:00+02:00,100.13,115.52,73.08392,2026-04-23T23:00:00Z
2026-04-24 00:00:00+00:00,2026-04-24 02:00:00+02:00,100.71,112.53,76.381035,2026-04-24T00:00:00Z
2026-04-24 01:00:00+00:00,2026-04-24 03:00:00+02:00,101.69,108.51,74.458336,2026-04-24T01:00:00Z
2026-04-24 02:00:00+00:00,2026-04-24 04:00:00+02:00,105.36,111.47,78.29005,2026-04-24T02:00:00Z
2026-04-24 03:00:00+00:00,2026-04-24 05:00:00+02:00,116.31,120.19,83.41384,2026-04-24T03:00:00Z
2026-04-24 04:00:00+00:00,2026-04-24 06:00:00+02:00,131.87,146.57,104.14377,2026-04-24T04:00:00Z
2026-04-24 05:00:00+00:00,2026-04-24 07:00:00+02:00,137.99,148.56,98.01978,2026-04-24T05:00:00Z
2026-04-24 06:00:00+00:00,2026-04-24 08:00:00+02:00,117.68,127.16,86.68857,2026-04-24T06:00:00Z
2026-04-24 07:00:00+00:00,2026-04-24 09:00:00+02:00,80.91,101.9,58.949898,2026-04-24T07:00:00Z
2026-04-24 08:00:00+00:00,2026-04-24 10:00:00+02:00,19.57,90.78,4.17239,2026-04-24T08:00:00Z
2026-04-24 09:00:00+00:00,2026-04-24 11:00:00+02:00,-0.04,57.88,1.8299538,2026-04-24T09:00:00Z
2026-04-24 10:00:00+00:00,2026-04-24 12:00:00+02:00,-6.91,30.87,-11.46153,2026-04-24T10:00:00Z
2026-04-24 11:00:00+00:00,2026-04-24 13:00:00+02:00,-26.14,26.45,-22.759392,2026-04-24T11:00:00Z
2026-04-24 12:00:00+00:00,2026-04-24 14:00:00+02:00,-30.0,31.37,-31.283085,2026-04-24T12:00:00Z
2026-04-24 13:00:00+00:00,2026-04-24 15:00:00+02:00,-16.56,60.0,-14.630437,2026-04-24T13:00:00Z
2026-04-24 14:00:00+00:00,2026-04-24 16:00:00+02:00,-1.61,81.82,-3.2452385,2026-04-24T14:00:00Z
2026-04-24 15:00:00+00:00,2026-04-24 17:00:00+02:00,50.91,102.31,31.542658,2026-04-24T15:00:00Z
2026-04-24 16:00:00+00:00,2026-04-24 18:00:00+02:00,104.82,126.76,89.64468,2026-04-24T16:00:00Z
2026-04-24 17:00:00+00:00,2026-04-24 19:00:00+02:00,133.81,157.41,113.35719,2026-04-24T17:00:00Z
2026-04-24 18:00:00+00:00,2026-04-24 20:00:00+02:00,137.34,157.11,119.0114,2026-04-24T18:00:00Z
2026-04-24 19:00:00+00:00,2026-04-24 21:00:00+02:00,131.03,138.01,104.74147,2026-04-24T19:00:00Z
2026-04-24 20:00:00+00:00,2026-04-24 22:00:00+02:00,121.88,123.93,100.88273,2026-04-24T20:00:00Z
2026-04-24 21:00:00+00:00,2026-04-24 23:00:00+02:00,113.44,112.71,86.49589,2026-04-24T21:00:00Z
2026-04-24 22:00:00+00:00,2026-04-25 00:00:00+02:00,100.62,116.24,83.63143,2026-04-24T22:00:00Z
2026-04-24 23:00:00+00:00,2026-04-25 01:00:00+02:00,95.54,110.88,80.73454,2026-04-24T23:00:00Z
2026-04-25 00:00:00+00:00,2026-04-25 02:00:00+02:00,95.12,109.66,77.23219,2026-04-25T00:00:00Z
2026-04-25 01:00:00+00:00,2026-04-25 03:00:00+02:00,95.16,107.7,72.141014,2026-04-25T01:00:00Z
2026-04-25 02:00:00+00:00,2026-04-25 04:00:00+02:00,88.46,108.87,69.78482,2026-04-25T02:00:00Z
2026-04-25 03:00:00+00:00,2026-04-25 05:00:00+02:00,88.03,110.91,67.59236,2026-04-25T03:00:00Z
2026-04-25 04:00:00+00:00,2026-04-25 06:00:00+02:00,83.18,110.83,58.77443,2026-04-25T04:00:00Z
2026-04-25 05:00:00+00:00,2026-04-25 07:00:00+02:00,71.36,105.74,43.348827,2026-04-25T05:00:00Z
2026-04-25 06:00:00+00:00,2026-04-25 08:00:00+02:00,20.03,92.29,18.264795,2026-04-25T06:00:00Z
2026-04-25 07:00:00+00:00,2026-04-25 09:00:00+02:00,-0.04,75.13,1.2778114,2026-04-25T07:00:00Z
2026-04-25 08:00:00+00:00,2026-04-25 10:00:00+02:00,-7.27,39.57,-16.821257,2026-04-25T08:00:00Z
2026-04-25 09:00:00+00:00,2026-04-25 11:00:00+02:00,-42.14,3.94,-89.115105,2026-04-25T09:00:00Z
2026-04-25 10:00:00+00:00,2026-04-25 12:00:00+02:00,-100.51,-3.38,-94.00972,2026-04-25T10:00:00Z
2026-04-25 11:00:00+00:00,2026-04-25 13:00:00+02:00,-176.44,-4.08,-114.69244,2026-04-25T11:00:00Z
2026-04-25 12:00:00+00:00,2026-04-25 14:00:00+02:00,-190.86,-0.1,-118.2695,2026-04-25T12:00:00Z
2026-04-25 13:00:00+00:00,2026-04-25 15:00:00+02:00,-133.8,18.9,-103.82296,2026-04-25T13:00:00Z
2026-04-25 14:00:00+00:00,2026-04-25 16:00:00+02:00,-53.97,44.89,-25.280432,2026-04-25T14:00:00Z
2026-04-25 15:00:00+00:00,2026-04-25 17:00:00+02:00,-5.25,90.81,-0.64370507,2026-04-25T15:00:00Z
2026-04-25 16:00:00+00:00,2026-04-25 18:00:00+02:00,4.62,119.6,20.234152,2026-04-25T16:00:00Z
2026-04-25 17:00:00+00:00,2026-04-25 19:00:00+02:00,65.2,131.54,42.052013,2026-04-25T17:00:00Z
2026-04-25 18:00:00+00:00,2026-04-25 20:00:00+02:00,75.42,144.89,41.655907,2026-04-25T18:00:00Z
2026-04-25 19:00:00+00:00,2026-04-25 21:00:00+02:00,72.01,140.3,34.983246,2026-04-25T19:00:00Z
2026-04-25 20:00:00+00:00,2026-04-25 22:00:00+02:00,72.68,129.99,27.262857,2026-04-25T20:00:00Z
2026-04-25 21:00:00+00:00,2026-04-25 23:00:00+02:00,69.98,125.0,27.778751,2026-04-25T21:00:00Z
2026-04-25 22:00:00+00:00,2026-04-26 00:00:00+02:00,79.44,116.56,36.511024,2026-04-25T22:00:00Z
2026-04-25 23:00:00+00:00,2026-04-26 01:00:00+02:00,83.6,109.95,51.338707,2026-04-25T23:00:00Z
2026-04-26 00:00:00+00:00,2026-04-26 02:00:00+02:00,87.1,109.21,61.07177,2026-04-26T00:00:00Z
2026-04-26 01:00:00+00:00,2026-04-26 03:00:00+02:00,90.49,106.32,72.201965,2026-04-26T01:00:00Z
2026-04-26 02:00:00+00:00,2026-04-26 04:00:00+02:00,94.15,105.41,77.76178,2026-04-26T02:00:00Z
2026-04-26 03:00:00+00:00,2026-04-26 05:00:00+02:00,98.64,106.55,81.23645,2026-04-26T03:00:00Z
2026-04-26 04:00:00+00:00,2026-04-26 06:00:00+02:00,94.19,104.78,82.32349,2026-04-26T04:00:00Z
2026-04-26 05:00:00+00:00,2026-04-26 07:00:00+02:00,83.15,100.03,69.026886,2026-04-26T05:00:00Z
2026-04-26 06:00:00+00:00,2026-04-26 08:00:00+02:00,54.31,96.63,29.675089,2026-04-26T06:00:00Z
2026-04-26 07:00:00+00:00,2026-04-26 09:00:00+02:00,-0.01,93.84,-21.660872,2026-04-26T07:00:00Z
2026-04-26 08:00:00+00:00,2026-04-26 10:00:00+02:00,-28.19,71.38,-78.813995,2026-04-26T08:00:00Z
2026-04-26 09:00:00+00:00,2026-04-26 11:00:00+02:00,-127.37,31.98,-182.85175,2026-04-26T09:00:00Z
2026-04-26 10:00:00+00:00,2026-04-26 12:00:00+02:00,-259.96,5.73,-200.77571,2026-04-26T10:00:00Z
2026-04-26 11:00:00+00:00,2026-04-26 13:00:00+02:00,-413.77,-0.85,-196.01097,2026-04-26T11:00:00Z
2026-04-26 12:00:00+00:00,2026-04-26 14:00:00+02:00,-413.25,-3.01,-171.70564,2026-04-26T12:00:00Z
2026-04-26 13:00:00+00:00,2026-04-26 15:00:00+02:00,-235.89,-2.26,-136.56573,2026-04-26T13:00:00Z
2026-04-26 14:00:00+00:00,2026-04-26 16:00:00+02:00,-37.31,16.02,-39.844906,2026-04-26T14:00:00Z
2026-04-26 15:00:00+00:00,2026-04-26 17:00:00+02:00,11.18,73.76,38.064156,2026-04-26T15:00:00Z
2026-04-26 16:00:00+00:00,2026-04-26 18:00:00+02:00,113.1,103.86,98.259125,2026-04-26T16:00:00Z
2026-04-26 17:00:00+00:00,2026-04-26 19:00:00+02:00,150.29,117.35,115.40815,2026-04-26T17:00:00Z
2026-04-26 18:00:00+00:00,2026-04-26 20:00:00+02:00,157.82,124.11,130.86694,2026-04-26T18:00:00Z
2026-04-26 19:00:00+00:00,2026-04-26 21:00:00+02:00,140.65,121.55,121.90186,2026-04-26T19:00:00Z
2026-04-26 20:00:00+00:00,2026-04-26 22:00:00+02:00,126.41,119.36,113.216354,2026-04-26T20:00:00Z
2026-04-26 21:00:00+00:00,2026-04-26 23:00:00+02:00,122.88,111.23,105.94702,2026-04-26T21:00:00Z
2026-04-26 22:00:00+00:00,2026-04-27 00:00:00+02:00,118.45,106.31,97.78905,2026-04-26T22:00:00Z
2026-04-26 23:00:00+00:00,2026-04-27 01:00:00+02:00,113.03,101.11,94.40786,2026-04-26T23:00:00Z
2026-04-27 00:00:00+00:00,2026-04-27 02:00:00+02:00,112.71,99.01,92.91236,2026-04-27T00:00:00Z
2026-04-27 01:00:00+00:00,2026-04-27 03:00:00+02:00,112.83,99.04,93.075485,2026-04-27T01:00:00Z
2026-04-27 02:00:00+00:00,2026-04-27 04:00:00+02:00,116.74,102.3,92.159615,2026-04-27T02:00:00Z
2026-04-27 03:00:00+00:00,2026-04-27 05:00:00+02:00,125.67,111.6,109.11899,2026-04-27T03:00:00Z
2026-04-27 04:00:00+00:00,2026-04-27 06:00:00+02:00,165.57,129.39,126.07916,2026-04-27T04:00:00Z
2026-04-27 05:00:00+00:00,2026-04-27 07:00:00+02:00,153.69,142.21,120.96405,2026-04-27T05:00:00Z
2026-04-27 06:00:00+00:00,2026-04-27 08:00:00+02:00,126.55,134.32,92.21941,2026-04-27T06:00:00Z
2026-04-27 07:00:00+00:00,2026-04-27 09:00:00+02:00,92.53,110.01,53.933617,2026-04-27T07:00:00Z
2026-04-27 08:00:00+00:00,2026-04-27 10:00:00+02:00,59.14,90.2,-13.134238,2026-04-27T08:00:00Z
2026-04-27 09:00:00+00:00,2026-04-27 11:00:00+02:00,4.14,75.89,-30.219559,2026-04-27T09:00:00Z
2026-04-27 10:00:00+00:00,2026-04-27 12:00:00+02:00,-0.1,51.18,-37.37059,2026-04-27T10:00:00Z
2026-04-27 11:00:00+00:00,2026-04-27 13:00:00+02:00,-0.83,32.6,-31.021915,2026-04-27T11:00:00Z
2026-04-27 12:00:00+00:00,2026-04-27 14:00:00+02:00,-0.16,29.57,-24.945606,2026-04-27T12:00:00Z
2026-04-27 13:00:00+00:00,2026-04-27 15:00:00+02:00,5.14,46.48,18.504805,2026-04-27T13:00:00Z
2026-04-27 14:00:00+00:00,2026-04-27 16:00:00+02:00,68.66,78.33,62.00753,2026-04-27T14:00:00Z
2026-04-27 15:00:00+00:00,2026-04-27 17:00:00+02:00,107.19,97.25,90.75577,2026-04-27T15:00:00Z
2026-04-27 16:00:00+00:00,2026-04-27 18:00:00+02:00,129.85,112.91,124.963936,2026-04-27T16:00:00Z
2026-04-27 17:00:00+00:00,2026-04-27 19:00:00+02:00,172.3,123.41,178.87234,2026-04-27T17:00:00Z
2026-04-27 18:00:00+00:00,2026-04-27 20:00:00+02:00,188.12,127.18,192.42897,2026-04-27T18:00:00Z
2026-04-27 19:00:00+00:00,2026-04-27 21:00:00+02:00,148.46,121.94,152.548,2026-04-27T19:00:00Z
2026-04-27 20:00:00+00:00,2026-04-27 22:00:00+02:00,125.65,115.97,131.92926,2026-04-27T20:00:00Z
2026-04-27 21:00:00+00:00,2026-04-27 23:00:00+02:00,115.2,106.79,111.17786,2026-04-27T21:00:00Z
2026-04-27 22:00:00+00:00,2026-04-28 00:00:00+02:00,112.66,99.0,106.22689,2026-04-27T22:00:00Z
2026-04-27 23:00:00+00:00,2026-04-28 01:00:00+02:00,106.9,98.64,98.44326,2026-04-27T23:00:00Z
2026-04-28 00:00:00+00:00,2026-04-28 02:00:00+02:00,102.98,98.37,90.78861,2026-04-28T00:00:00Z
2026-04-28 01:00:00+00:00,2026-04-28 03:00:00+02:00,102.83,99.07,89.649956,2026-04-28T01:00:00Z
2026-04-28 02:00:00+00:00,2026-04-28 04:00:00+02:00,105.28,100.19,88.48537,2026-04-28T02:00:00Z
2026-04-28 03:00:00+00:00,2026-04-28 05:00:00+02:00,111.84,108.45,99.829834,2026-04-28T03:00:00Z
2026-04-28 04:00:00+00:00,2026-04-28 06:00:00+02:00,122.1,127.09,114.7727,2026-04-28T04:00:00Z
2026-04-28 05:00:00+00:00,2026-04-28 07:00:00+02:00,121.43,135.33,112.67825,2026-04-28T05:00:00Z
2026-04-28 06:00:00+00:00,2026-04-28 08:00:00+02:00,112.32,118.95,91.37964,2026-04-28T06:00:00Z
2026-04-28 07:00:00+00:00,2026-04-28 09:00:00+02:00,79.78,97.3,47.35511,2026-04-28T07:00:00Z
2026-04-28 08:00:00+00:00,2026-04-28 10:00:00+02:00,21.82,59.9,-5.078619,2026-04-28T08:00:00Z
2026-04-28 09:00:00+00:00,2026-04-28 11:00:00+02:00,-1.09,19.6,-13.202721,2026-04-28T09:00:00Z
2026-04-28 10:00:00+00:00,2026-04-28 12:00:00+02:00,-14.04,-0.1,-17.895895,2026-04-28T10:00:00Z
2026-04-28 11:00:00+00:00,2026-04-28 13:00:00+02:00,-29.0,-1.75,-26.505451,2026-04-28T11:00:00Z
2026-04-28 12:00:00+00:00,2026-04-28 14:00:00+02:00,-29.01,-3.7,-34.88795,2026-04-28T12:00:00Z
2026-04-28 13:00:00+00:00,2026-04-28 15:00:00+02:00,-17.33,-1.86,-14.793176,2026-04-28T13:00:00Z
2026-04-28 14:00:00+00:00,2026-04-28 16:00:00+02:00,-4.66,14.54,1.9698762,2026-04-28T14:00:00Z
2026-04-28 15:00:00+00:00,2026-04-28 17:00:00+02:00,33.32,69.83,36.990414,2026-04-28T15:00:00Z
2026-04-28 16:00:00+00:00,2026-04-28 18:00:00+02:00,90.1,102.65,88.98236,2026-04-28T16:00:00Z
2026-04-28 17:00:00+00:00,2026-04-28 19:00:00+02:00,117.4,134.11,110.97287,2026-04-28T17:00:00Z
2026-04-28 18:00:00+00:00,2026-04-28 20:00:00+02:00,120.97,144.78,109.15232,2026-04-28T18:00:00Z
2026-04-28 19:00:00+00:00,2026-04-28 21:00:00+02:00,115.83,129.62,107.45695,2026-04-28T19:00:00Z
2026-04-28 20:00:00+00:00,2026-04-28 22:00:00+02:00,111.3,119.85,103.69379,2026-04-28T20:00:00Z
2026-04-28 21:00:00+00:00,2026-04-28 23:00:00+02:00,101.77,111.87,88.719345,2026-04-28T21:00:00Z
2026-04-28 22:00:00+00:00,2026-04-29 00:00:00+02:00,98.21,107.1,94.4907,2026-04-28T22:00:00Z
2026-04-28 23:00:00+00:00,2026-04-29 01:00:00+02:00,96.73,104.11,82.70356,2026-04-28T23:00:00Z
2026-04-29 00:00:00+00:00,2026-04-29 02:00:00+02:00,97.92,104.2,81.27357,2026-04-29T00:00:00Z
2026-04-29 01:00:00+00:00,2026-04-29 03:00:00+02:00,98.53,104.85,79.63353,2026-04-29T01:00:00Z
2026-04-29 02:00:00+00:00,2026-04-29 04:00:00+02:00,100.65,109.69,83.57455,2026-04-29T02:00:00Z
2026-04-29 03:00:00+00:00,2026-04-29 05:00:00+02:00,107.91,121.23,100.02838,2026-04-29T03:00:00Z
2026-04-29 04:00:00+00:00,2026-04-29 06:00:00+02:00,139.8,139.84,114.81565,2026-04-29T04:00:00Z
2026-04-29 05:00:00+00:00,2026-04-29 07:00:00+02:00,126.85,134.8,105.28396,2026-04-29T05:00:00Z
2026-04-29 06:00:00+00:00,2026-04-29 08:00:00+02:00,112.37,113.87,81.83611,2026-04-29T06:00:00Z
2026-04-29 07:00:00+00:00,2026-04-29 09:00:00+02:00,66.42,79.56,22.328207,2026-04-29T07:00:00Z
2026-04-29 08:00:00+00:00,2026-04-29 10:00:00+02:00,-1.08,20.15,-15.615252,2026-04-29T08:00:00Z
2026-04-29 09:00:00+00:00,2026-04-29 11:00:00+02:00,-11.57,-2.42,-34.622536,2026-04-29T09:00:00Z
2026-04-29 10:00:00+00:00,2026-04-29 12:00:00+02:00,-33.77,-8.83,-44.36016,2026-04-29T10:00:00Z
2026-04-29 11:00:00+00:00,2026-04-29 13:00:00+02:00,-60.36,-20.99,-77.56701,2026-04-29T11:00:00Z
2026-04-29 12:00:00+00:00,2026-04-29 14:00:00+02:00,-55.43,-19.0,-80.79857,2026-04-29T12:00:00Z
2026-04-29 13:00:00+00:00,2026-04-29 15:00:00+02:00,-36.22,-4.92,-80.237526,2026-04-29T13:00:00Z
2026-04-29 14:00:00+00:00,2026-04-29 16:00:00+02:00,-11.25,-0.01,-10.900476,2026-04-29T14:00:00Z
2026-04-29 15:00:00+00:00,2026-04-29 17:00:00+02:00,19.65,57.41,35.735023,2026-04-29T15:00:00Z
2026-04-29 16:00:00+00:00,2026-04-29 18:00:00+02:00,91.15,105.3,89.85714,2026-04-29T16:00:00Z
2026-04-29 17:00:00+00:00,2026-04-29 19:00:00+02:00,125.81,140.12,116.1074,2026-04-29T17:00:00Z
2026-04-29 18:00:00+00:00,2026-04-29 20:00:00+02:00,145.59,153.91,128.23067,2026-04-29T18:00:00Z
2026-04-29 19:00:00+00:00,2026-04-29 21:00:00+02:00,129.95,128.51,111.719574,2026-04-29T19:00:00Z
2026-04-29 20:00:00+00:00,2026-04-29 22:00:00+02:00,115.66,114.45,105.62343,2026-04-29T20:00:00Z
2026-04-29 21:00:00+00:00,2026-04-29 23:00:00+02:00,105.1,105.08,91.65536,2026-04-29T21:00:00Z
2026-04-29 22:00:00+00:00,2026-04-30 00:00:00+02:00,100.32,100.14,88.465866,2026-04-29T22:00:00Z
2026-04-29 23:00:00+00:00,2026-04-30 01:00:00+02:00,100.11,97.63,86.53681,2026-04-29T23:00:00Z
2026-04-30 00:00:00+00:00,2026-04-30 02:00:00+02:00,98.57,96.74,85.47145,2026-04-30T00:00:00Z
2026-04-30 01:00:00+00:00,2026-04-30 03:00:00+02:00,99.48,96.21,86.881714,2026-04-30T01:00:00Z
2026-04-30 02:00:00+00:00,2026-04-30 04:00:00+02:00,104.09,95.85,88.62251,2026-04-30T02:00:00Z
2026-04-30 03:00:00+00:00,2026-04-30 05:00:00+02:00,114.1,104.16,98.064964,2026-04-30T03:00:00Z
2026-04-30 04:00:00+00:00,2026-04-30 06:00:00+02:00,139.12,119.0,118.966835,2026-04-30T04:00:00Z
2026-04-30 05:00:00+00:00,2026-04-30 07:00:00+02:00,122.29,119.4,102.899796,2026-04-30T05:00:00Z
2026-04-30 06:00:00+00:00,2026-04-30 08:00:00+02:00,96.22,109.7,72.868195,2026-04-30T06:00:00Z
2026-04-30 07:00:00+00:00,2026-04-30 09:00:00+02:00,45.56,63.29,11.700836,2026-04-30T07:00:00Z
2026-04-30 08:00:00+00:00,2026-04-30 10:00:00+02:00,-0.04,-0.56,-28.361107,2026-04-30T08:00:00Z
2026-04-30 09:00:00+00:00,2026-04-30 11:00:00+02:00,-3.88,-6.18,-27.873917,2026-04-30T09:00:00Z
2026-04-30 10:00:00+00:00,2026-04-30 12:00:00+02:00,-16.25,-29.01,-21.062052,2026-04-30T10:00:00Z
2026-04-30 11:00:00+00:00,2026-04-30 13:00:00+02:00,-32.02,-49.56,-19.673412,2026-04-30T11:00:00Z
2026-04-30 12:00:00+00:00,2026-04-30 14:00:00+02:00,-28.93,-48.86,-19.307045,2026-04-30T12:00:00Z
2026-04-30 13:00:00+00:00,2026-04-30 15:00:00+02:00,-12.05,-22.89,-18.764894,2026-04-30T13:00:00Z
2026-04-30 14:00:00+00:00,2026-04-30 16:00:00+02:00,-2.29,-1.93,0.7220011,2026-04-30T14:00:00Z
2026-04-30 15:00:00+00:00,2026-04-30 17:00:00+02:00,20.58,21.97,41.75378,2026-04-30T15:00:00Z
2026-04-30 16:00:00+00:00,2026-04-30 18:00:00+02:00,92.43,93.57,88.94662,2026-04-30T16:00:00Z
2026-04-30 17:00:00+00:00,2026-04-30 19:00:00+02:00,139.09,121.5,123.13083,2026-04-30T17:00:00Z
2026-04-30 18:00:00+00:00,2026-04-30 20:00:00+02:00,178.62,136.95,131.90709,2026-04-30T18:00:00Z
2026-04-30 19:00:00+00:00,2026-04-30 21:00:00+02:00,145.84,116.29,120.80298,2026-04-30T19:00:00Z
2026-04-30 20:00:00+00:00,2026-04-30 22:00:00+02:00,118.92,108.24,109.76916,2026-04-30T20:00:00Z
2026-04-30 21:00:00+00:00,2026-04-30 23:00:00+02:00,109.61,99.46,95.94339,2026-04-30T21:00:00Z
2026-04-30 22:00:00+00:00,2026-05-01 00:00:00+02:00,107.23,102.46,96.66996,2026-04-30T22:00:00Z
2026-04-30 23:00:00+00:00,2026-05-01 01:00:00+02:00,103.09,100.13,93.95743,2026-04-30T23:00:00Z
2026-05-01 00:00:00+00:00,2026-05-01 02:00:00+02:00,101.39,100.71,90.910706,2026-05-01T00:00:00Z
2026-05-01 01:00:00+00:00,2026-05-01 03:00:00+02:00,99.25,101.69,89.03544,2026-05-01T01:00:00Z
2026-05-01 02:00:00+00:00,2026-05-01 04:00:00+02:00,97.98,105.36,89.30615,2026-05-01T02:00:00Z
2026-05-01 03:00:00+00:00,2026-05-01 05:00:00+02:00,97.5,116.31,94.56031,2026-05-01T03:00:00Z
2026-05-01 04:00:00+00:00,2026-05-01 06:00:00+02:00,103.77,131.87,97.82364,2026-05-01T04:00:00Z
2026-05-01 05:00:00+00:00,2026-05-01 07:00:00+02:00,80.34,137.99,83.18212,2026-05-01T05:00:00Z
2026-05-01 06:00:00+00:00,2026-05-01 08:00:00+02:00,35.33,117.68,58.246838,2026-05-01T06:00:00Z
2026-05-01 07:00:00+00:00,2026-05-01 09:00:00+02:00,-0.03,80.91,10.401513,2026-05-01T07:00:00Z
2026-05-01 08:00:00+00:00,2026-05-01 10:00:00+02:00,-21.18,19.57,-62.09023,2026-05-01T08:00:00Z
2026-05-01 09:00:00+00:00,2026-05-01 11:00:00+02:00,-108.62,-0.04,-87.789314,2026-05-01T09:00:00Z
2026-05-01 10:00:00+00:00,2026-05-01 12:00:00+02:00,-318.58,-6.91,-90.40295,2026-05-01T10:00:00Z
2026-05-01 11:00:00+00:00,2026-05-01 13:00:00+02:00,-499.0,-26.14,-102.89612,2026-05-01T11:00:00Z
2026-05-01 12:00:00+00:00,2026-05-01 14:00:00+02:00,-474.97,-30.0,-113.25367,2026-05-01T12:00:00Z
2026-05-01 13:00:00+00:00,2026-05-01 15:00:00+02:00,-205.88,-16.56,-70.80909,2026-05-01T13:00:00Z
2026-05-01 14:00:00+00:00,2026-05-01 16:00:00+02:00,-26.25,-1.61,-11.250026,2026-05-01T14:00:00Z
2026-05-01 15:00:00+00:00,2026-05-01 17:00:00+02:00,5.56,50.91,55.074043,2026-05-01T15:00:00Z
2026-05-01 16:00:00+00:00,2026-05-01 18:00:00+02:00,92.53,104.82,100.876724,2026-05-01T16:00:00Z
2026-05-01 17:00:00+00:00,2026-05-01 19:00:00+02:00,154.19,133.81,130.16985,2026-05-01T17:00:00Z
2026-05-01 18:00:00+00:00,2026-05-01 20:00:00+02:00,173.33,137.34,130.74138,2026-05-01T18:00:00Z
2026-05-01 19:00:00+00:00,2026-05-01 21:00:00+02:00,142.95,131.03,125.28831,2026-05-01T19:00:00Z
2026-05-01 20:00:00+00:00,2026-05-01 22:00:00+02:00,113.22,121.88,116.65651,2026-05-01T20:00:00Z
2026-05-01 21:00:00+00:00,2026-05-01 23:00:00+02:00,96.98,113.44,101.60095,2026-05-01T21:00:00Z
2026-05-01 22:00:00+00:00,2026-05-02 00:00:00+02:00,117.43,100.62,84.069176,2026-05-01T22:00:00Z
2026-05-01 23:00:00+00:00,2026-05-02 01:00:00+02:00,103.71,95.54,80.443985,2026-05-01T23:00:00Z
2026-05-02 00:00:00+00:00,2026-05-02 02:00:00+02:00,99.48,95.12,74.74478,2026-05-02T00:00:00Z
2026-05-02 01:00:00+00:00,2026-05-02 03:00:00+02:00,93.34,95.16,69.25775,2026-05-02T01:00:00Z
2026-05-02 02:00:00+00:00,2026-05-02 04:00:00+02:00,93.55,88.46,63.894142,2026-05-02T02:00:00Z
2026-05-02 03:00:00+00:00,2026-05-02 05:00:00+02:00,93.7,88.03,60.13211,2026-05-02T03:00:00Z
2026-05-02 04:00:00+00:00,2026-05-02 06:00:00+02:00,91.78,83.18,57.131413,2026-05-02T04:00:00Z
2026-05-02 05:00:00+00:00,2026-05-02 07:00:00+02:00,78.01,71.36,33.2162,2026-05-02T05:00:00Z
2026-05-02 06:00:00+00:00,2026-05-02 08:00:00+02:00,18.27,20.03,1.6162026,2026-05-02T06:00:00Z
2026-05-02 07:00:00+00:00,2026-05-02 09:00:00+02:00,1.27,-0.04,-15.007946,2026-05-02T07:00:00Z
2026-05-02 08:00:00+00:00,2026-05-02 10:00:00+02:00,-2.39,-7.27,-38.312668,2026-05-02T08:00:00Z
2026-05-02 09:00:00+00:00,2026-05-02 11:00:00+02:00,-21.91,-42.14,-117.417366,2026-05-02T09:00:00Z
2026-05-02 10:00:00+00:00,2026-05-02 12:00:00+02:00,-83.61,-100.51,-140.26842,2026-05-02T10:00:00Z
2026-05-02 11:00:00+00:00,2026-05-02 13:00:00+02:00,-130.03,-176.44,-142.6991,2026-05-02T11:00:00Z
2026-05-02 12:00:00+00:00,2026-05-02 14:00:00+02:00,-86.84,-190.86,-171.77077,2026-05-02T12:00:00Z
2026-05-02 13:00:00+00:00,2026-05-02 15:00:00+02:00,-14.04,-133.8,-53.68441,2026-05-02T13:00:00Z
2026-05-02 14:00:00+00:00,2026-05-02 16:00:00+02:00,0.03,-53.97,-0.7293964,2026-05-02T14:00:00Z
2026-05-02 15:00:00+00:00,2026-05-02 17:00:00+02:00,54.95,-5.25,32.840366,2026-05-02T15:00:00Z
2026-05-02 16:00:00+00:00,2026-05-02 18:00:00+02:00,127.14,4.62,92.84953,2026-05-02T16:00:00Z
2026-05-02 17:00:00+00:00,2026-05-02 19:00:00+02:00,165.0,65.2,147.5562,2026-05-02T17:00:00Z
2026-05-02 18:00:00+00:00,2026-05-02 20:00:00+02:00,195.45,75.42,203.2761,2026-05-02T18:00:00Z
2026-05-02 19:00:00+00:00,2026-05-02 21:00:00+02:00,154.32,72.01,161.40761,2026-05-02T19:00:00Z
2026-05-02 20:00:00+00:00,2026-05-02 22:00:00+02:00,139.96,72.68,120.607834,2026-05-02T20:00:00Z
2026-05-02 21:00:00+00:00,2026-05-02 23:00:00+02:00,123.87,69.98,106.59684,2026-05-02T21:00:00Z
2026-05-02 22:00:00+00:00,2026-05-03 00:00:00+02:00,121.2,79.44,108.16905,2026-05-02T22:00:00Z
2026-05-02 23:00:00+00:00,2026-05-03 01:00:00+02:00,116.03,83.6,100.77789,2026-05-02T23:00:00Z
2026-05-03 00:00:00+00:00,2026-05-03 02:00:00+02:00,110.16,87.1,91.38039,2026-05-03T00:00:00Z
2026-05-03 01:00:00+00:00,2026-05-03 03:00:00+02:00,108.48,90.49,94.02839,2026-05-03T01:00:00Z
2026-05-03 02:00:00+00:00,2026-05-03 04:00:00+02:00,106.29,94.15,93.56396,2026-05-03T02:00:00Z
2026-05-03 03:00:00+00:00,2026-05-03 05:00:00+02:00,107.07,98.64,98.77842,2026-05-03T03:00:00Z
2026-05-03 04:00:00+00:00,2026-05-03 06:00:00+02:00,101.7,94.19,86.97327,2026-05-03T04:00:00Z
2026-05-03 05:00:00+00:00,2026-05-03 07:00:00+02:00,85.34,83.15,79.014694,2026-05-03T05:00:00Z
2026-05-03 06:00:00+00:00,2026-05-03 08:00:00+02:00,71.74,54.31,33.69694,2026-05-03T06:00:00Z
2026-05-03 07:00:00+00:00,2026-05-03 09:00:00+02:00,32.66,-0.01,0.63844985,2026-05-03T07:00:00Z
2026-05-03 08:00:00+00:00,2026-05-03 10:00:00+02:00,1.29,-28.19,-19.047447,2026-05-03T08:00:00Z
2026-05-03 09:00:00+00:00,2026-05-03 11:00:00+02:00,-1.43,-127.37,-20.009953,2026-05-03T09:00:00Z
2026-05-03 10:00:00+00:00,2026-05-03 12:00:00+02:00,-6.79,-259.96,-39.79542,2026-05-03T10:00:00Z
2026-05-03 11:00:00+00:00,2026-05-03 13:00:00+02:00,-14.44,-413.77,-48.906128,2026-05-03T11:00:00Z
2026-05-03 12:00:00+00:00,2026-05-03 14:00:00+02:00,-10.88,-413.25,-56.066147,2026-05-03T12:00:00Z
2026-05-03 13:00:00+00:00,2026-05-03 15:00:00+02:00,-3.97,-235.89,-10.102362,2026-05-03T13:00:00Z
2026-05-03 14:00:00+00:00,2026-05-03 16:00:00+02:00,9.13,-37.31,7.466681,2026-05-03T14:00:00Z
2026-05-03 15:00:00+00:00,2026-05-03 17:00:00+02:00,80.71,11.18,51.18193,2026-05-03T15:00:00Z
2026-05-03 16:00:00+00:00,2026-05-03 18:00:00+02:00,120.57,113.1,107.77614,2026-05-03T16:00:00Z
2026-05-03 17:00:00+00:00,2026-05-03 19:00:00+02:00,134.8,150.29,163.70528,2026-05-03T17:00:00Z
2026-05-03 18:00:00+00:00,2026-05-03 20:00:00+02:00,140.87,157.82,179.23155,2026-05-03T18:00:00Z
2026-05-03 19:00:00+00:00,2026-05-03 21:00:00+02:00,137.31,140.65,148.90785,2026-05-03T19:00:00Z
2026-05-03 20:00:00+00:00,2026-05-03 22:00:00+02:00,130.38,126.41,122.60445,2026-05-03T20:00:00Z
2026-05-03 21:00:00+00:00,2026-05-03 23:00:00+02:00,121.12,122.88,109.24642,2026-05-03T21:00:00Z
2026-05-03 22:00:00+00:00,2026-05-04 00:00:00+02:00,117.36,118.45,100.01279,2026-05-03T22:00:00Z
2026-05-03 23:00:00+00:00,2026-05-04 01:00:00+02:00,108.41,113.03,97.297455,2026-05-03T23:00:00Z
2026-05-04 00:00:00+00:00,2026-05-04 02:00:00+02:00,110.56,112.71,97.062874,2026-05-04T00:00:00Z
2026-05-04 01:00:00+00:00,2026-05-04 03:00:00+02:00,106.35,112.83,92.87616,2026-05-04T01:00:00Z
2026-05-04 02:00:00+00:00,2026-05-04 04:00:00+02:00,109.91,116.74,92.35215,2026-05-04T02:00:00Z
2026-05-04 03:00:00+00:00,2026-05-04 05:00:00+02:00,128.88,125.67,106.352936,2026-05-04T03:00:00Z
2026-05-04 04:00:00+00:00,2026-05-04 06:00:00+02:00,149.55,165.57,148.13924,2026-05-04T04:00:00Z
2026-05-04 05:00:00+00:00,2026-05-04 07:00:00+02:00,151.27,153.69,141.04132,2026-05-04T05:00:00Z
2026-05-04 06:00:00+00:00,2026-05-04 08:00:00+02:00,134.6,126.55,99.78314,2026-05-04T06:00:00Z
2026-05-04 07:00:00+00:00,2026-05-04 09:00:00+02:00,113.62,92.53,71.26271,2026-05-04T07:00:00Z
2026-05-04 08:00:00+00:00,2026-05-04 10:00:00+02:00,99.99,59.14,38.015553,2026-05-04T08:00:00Z
2026-05-04 09:00:00+00:00,2026-05-04 11:00:00+02:00,93.1,4.14,24.866035,2026-05-04T09:00:00Z
2026-05-04 10:00:00+00:00,2026-05-04 12:00:00+02:00,75.07,-0.1,15.836338,2026-05-04T10:00:00Z
2026-05-04 11:00:00+00:00,2026-05-04 13:00:00+02:00,69.41,-0.83,19.120892,2026-05-04T11:00:00Z
2026-05-04 12:00:00+00:00,2026-05-04 14:00:00+02:00,81.08,-0.16,44.761204,2026-05-04T12:00:00Z
2026-05-04 13:00:00+00:00,2026-05-04 15:00:00+02:00,94.0,5.14,64.28944,2026-05-04T13:00:00Z
2026-05-04 14:00:00+00:00,2026-05-04 16:00:00+02:00,107.97,68.66,90.96813,2026-05-04T14:00:00Z
2026-05-04 15:00:00+00:00,2026-05-04 17:00:00+02:00,128.99,107.19,110.21147,2026-05-04T15:00:00Z
2026-05-04 16:00:00+00:00,2026-05-04 18:00:00+02:00,169.0,129.85,150.47183,2026-05-04T16:00:00Z
2026-05-04 17:00:00+00:00,2026-05-04 19:00:00+02:00,245.03,172.3,195.11081,2026-05-04T17:00:00Z
2026-05-04 18:00:00+00:00,2026-05-04 20:00:00+02:00,266.84,188.12,217.7306,2026-05-04T18:00:00Z
2026-05-04 19:00:00+00:00,2026-05-04 21:00:00+02:00,194.3,148.46,192.91243,2026-05-04T19:00:00Z
2026-05-04 20:00:00+00:00,2026-05-04 22:00:00+02:00,153.05,125.65,146.46185,2026-05-04T20:00:00Z
2026-05-04 21:00:00+00:00,2026-05-04 23:00:00+02:00,137.2,115.2,128.64972,2026-05-04T21:00:00Z
2026-05-04 22:00:00+00:00,2026-05-05 00:00:00+02:00,131.36,112.66,125.47784,2026-05-04T22:00:00Z
2026-05-04 23:00:00+00:00,2026-05-05 01:00:00+02:00,126.2,106.9,116.77729,2026-05-04T23:00:00Z
2026-05-05 00:00:00+00:00,2026-05-05 02:00:00+02:00,122.11,102.98,113.85557,2026-05-05T00:00:00Z
2026-05-05 01:00:00+00:00,2026-05-05 03:00:00+02:00,122.05,102.83,103.71235,2026-05-05T01:00:00Z
2026-05-05 02:00:00+00:00,2026-05-05 04:00:00+02:00,123.9,105.28,111.619156,2026-05-05T02:00:00Z
2026-05-05 03:00:00+00:00,2026-05-05 05:00:00+02:00,133.9,111.84,125.75387,2026-05-05T03:00:00Z
2026-05-05 04:00:00+00:00,2026-05-05 06:00:00+02:00,160.11,122.1,165.13112,2026-05-05T04:00:00Z
2026-05-05 05:00:00+00:00,2026-05-05 07:00:00+02:00,160.77,121.43,158.56615,2026-05-05T05:00:00Z
2026-05-05 06:00:00+00:00,2026-05-05 08:00:00+02:00,147.23,112.32,130.88242,2026-05-05T06:00:00Z
2026-05-05 07:00:00+00:00,2026-05-05 09:00:00+02:00,129.61,79.78,107.14078,2026-05-05T07:00:00Z
2026-05-05 08:00:00+00:00,2026-05-05 10:00:00+02:00,114.12,21.82,88.34448,2026-05-05T08:00:00Z
2026-05-05 09:00:00+00:00,2026-05-05 11:00:00+02:00,108.26,-1.09,88.61343,2026-05-05T09:00:00Z
2026-05-05 10:00:00+00:00,2026-05-05 12:00:00+02:00,99.09,-14.04,86.9593,2026-05-05T10:00:00Z
2026-05-05 11:00:00+00:00,2026-05-05 13:00:00+02:00,98.06,-29.0,88.39631,2026-05-05T11:00:00Z
2026-05-05 12:00:00+00:00,2026-05-05 14:00:00+02:00,97.75,-29.01,94.26827,2026-05-05T12:00:00Z
2026-05-05 13:00:00+00:00,2026-05-05 15:00:00+02:00,105.99,-17.33,98.029434,2026-05-05T13:00:00Z
2026-05-05 14:00:00+00:00,2026-05-05 16:00:00+02:00,111.98,-4.66,113.463684,2026-05-05T14:00:00Z
2026-05-05 15:00:00+00:00,2026-05-05 17:00:00+02:00,128.67,33.32,125.866035,2026-05-05T15:00:00Z
2026-05-05 16:00:00+00:00,2026-05-05 18:00:00+02:00,145.76,90.1,161.00887,2026-05-05T16:00:00Z
2026-05-05 17:00:00+00:00,2026-05-05 19:00:00+02:00,163.69,117.4,208.90556,2026-05-05T17:00:00Z
2026-05-05 18:00:00+00:00,2026-05-05 20:00:00+02:00,163.9,120.97,231.92511,2026-05-05T18:00:00Z
2026-05-05 19:00:00+00:00,2026-05-05 21:00:00+02:00,147.0,115.83,154.25249,2026-05-05T19:00:00Z
2026-05-05 20:00:00+00:00,2026-05-05 22:00:00+02:00,132.75,111.3,134.64767,2026-05-05T20:00:00Z
2026-05-05 21:00:00+00:00,2026-05-05 23:00:00+02:00,115.29,101.77,124.09268,2026-05-05T21:00:00Z
2026-05-05 22:00:00+00:00,2026-05-06 00:00:00+02:00,120.04,98.21,111.94403,2026-05-05T22:00:00Z
2026-05-05 23:00:00+00:00,2026-05-06 01:00:00+02:00,114.23,96.73,106.52254,2026-05-05T23:00:00Z
2026-05-06 00:00:00+00:00,2026-05-06 02:00:00+02:00,113.17,97.92,102.657394,2026-05-06T00:00:00Z
2026-05-06 01:00:00+00:00,2026-05-06 03:00:00+02:00,113.0,98.53,94.46911,2026-05-06T01:00:00Z
2026-05-06 02:00:00+00:00,2026-05-06 04:00:00+02:00,113.34,100.65,98.73596,2026-05-06T02:00:00Z
2026-05-06 03:00:00+00:00,2026-05-06 05:00:00+02:00,118.23,107.91,103.39568,2026-05-06T03:00:00Z
2026-05-06 04:00:00+00:00,2026-05-06 06:00:00+02:00,131.14,139.8,111.42264,2026-05-06T04:00:00Z
2026-05-06 05:00:00+00:00,2026-05-06 07:00:00+02:00,142.45,126.85,114.256004,2026-05-06T05:00:00Z
2026-05-06 06:00:00+00:00,2026-05-06 08:00:00+02:00,141.55,112.37,111.83635,2026-05-06T06:00:00Z
2026-05-06 07:00:00+00:00,2026-05-06 09:00:00+02:00,121.31,66.42,92.53963,2026-05-06T07:00:00Z
2026-05-06 08:00:00+00:00,2026-05-06 10:00:00+02:00,108.8,-1.08,83.88256,2026-05-06T08:00:00Z
2026-05-06 09:00:00+00:00,2026-05-06 11:00:00+02:00,104.12,-11.57,75.42365,2026-05-06T09:00:00Z
2026-05-06 10:00:00+00:00,2026-05-06 12:00:00+02:00,100.09,-33.77,66.059456,2026-05-06T10:00:00Z
2026-05-06 11:00:00+00:00,2026-05-06 13:00:00+02:00,89.34,-60.36,75.332115,2026-05-06T11:00:00Z
2026-05-06 12:00:00+00:00,2026-05-06 14:00:00+02:00,91.33,-55.43,72.97479,2026-05-06T12:00:00Z
2026-05-06 13:00:00+00:00,2026-05-06 15:00:00+02:00,103.13,-36.22,83.55732,2026-05-06T13:00:00Z
2026-05-06 14:00:00+00:00,2026-05-06 16:00:00+02:00,112.66,-11.25,100.63467,2026-05-06T14:00:00Z
2026-05-06 15:00:00+00:00,2026-05-06 17:00:00+02:00,125.05,19.65,116.767334,2026-05-06T15:00:00Z
2026-05-06 16:00:00+00:00,2026-05-06 18:00:00+02:00,137.91,91.15,125.36795,2026-05-06T16:00:00Z
2026-05-06 17:00:00+00:00,2026-05-06 19:00:00+02:00,154.61,125.81,138.16501,2026-05-06T17:00:00Z
2026-05-06 18:00:00+00:00,2026-05-06 20:00:00+02:00,156.92,145.59,147.6008,2026-05-06T18:00:00Z
2026-05-06 19:00:00+00:00,2026-05-06 21:00:00+02:00,154.61,129.95,136.14114,2026-05-06T19:00:00Z
2026-05-06 20:00:00+00:00,2026-05-06 22:00:00+02:00,143.41,115.66,126.85412,2026-05-06T20:00:00Z
2026-05-06 21:00:00+00:00,2026-05-06 23:00:00+02:00,128.26,105.1,112.90699,2026-05-06T21:00:00Z
